"日付","始値","高値","安値","終値","前日比","出来高","売買代金","貸株残高","融資残高","貸借倍率","逆日歩","特別空売り料","5DMA","25DMA","75DMA","100DMA","200DMA","5DVMA","25DVMA","75DVMA"
"2022/06/24","8,120.0","8,200.0","8,070.0","8,140.0","-30.0","345,200","2,808,609","2,000","3,100","1.55","-","-","8,116.00","8,244.40","8,087.33","8,284.50","8,888.20","410,300","591,576","634,749"
"2022/06/23","8,170.0","8,260.0","8,150.0","8,170.0","-40.0","380,900","3,120,003","1,500","3,200","2.13","-","-","8,110.00","8,247.20","8,085.73","8,290.50","8,894.65","752,140","592,440","638,138"
"2022/06/22","8,180.0","8,290.0","8,140.0","8,210.0","+70.0","453,800","3,735,674","1,500","3,700","2.47","-","-","8,128.00","8,244.80","8,087.87","8,298.30","8,900.10","788,440","596,308","638,268"
"2022/06/21","8,070.0","8,210.0","8,040.0","8,140.0","+220.0","434,800","3,533,924","1,200","3,600","3.00","-","-","8,130.00","8,248.80","8,088.00","8,306.50","8,905.20","876,500","608,304","638,684"
"2022/06/20","8,190.0","8,190.0","7,870.0","7,920.0","-190.0","436,800","3,480,068","1,200","3,200","2.67","-","-","8,118.00","8,247.20","8,095.60","8,315.00","8,910.35","914,480","606,108","637,193"
"2022/06/17","7,960.0","8,230.0","7,940.0","8,110.0","-150.0","2,054,400","16,662,006","3,200","2,800","0.88","-","-","8,146.00","8,256.40","8,106.53","8,329.70","8,915.40","958,720","606,340","638,626"
"2022/06/16","8,250.0","8,340.0","8,200.0","8,260.0","+40.0","562,400","4,642,373","1,400","2,900","2.07","-","-","8,212.00","8,260.40","8,116.93","8,342.30","8,919.50","673,480","544,096","616,846"
"2022/06/15","8,380.0","8,380.0","8,200.0","8,220.0","+140.0","894,100","7,381,316","1,400","3,900","2.79","-","-","8,264.00","8,251.60","8,122.53","8,356.60","8,921.45","639,080","548,092","614,381"
"2022/06/14","7,980.0","8,130.0","7,950.0","8,080.0","+20.0","624,700","5,039,844","3,700","5,500","1.49","-","-","8,318.00","8,254.00","8,130.00","8,371.70","8,926.00","574,660","576,360","606,738"
"2022/06/13","8,140.0","8,220.0","8,060.0","8,060.0","-380.0","658,000","5,335,172","4,800","5,300","1.10","-","-","8,376.00","8,261.20","8,143.47","8,385.70","8,933.05","537,420","591,036","601,604"
"2022/06/10","8,470.0","8,530.0","8,400.0","8,440.0","-80.0","628,200","5,307,164","3,700","3,900","1.05","-","-","8,402.00","8,260.40","8,158.13","8,400.20","8,939.25","501,800","586,152","595,653"
"2022/06/09","8,520.0","8,610.0","8,470.0","8,520.0","+30.0","390,400","3,336,734","3,900","2,300","0.59","-","-","8,376.00","8,250.00","8,167.87","8,411.00","8,944.00","495,940","599,464","591,209"
"2022/06/08","8,390.0","8,490.0","8,340.0","8,490.0","+120.0","572,000","4,830,693","3,300","7,000","2.12","-","-","8,372.00","8,226.40","8,178.00","8,419.80","8,949.60","504,940","624,420","588,865"
"2022/06/07","8,340.0","8,450.0","8,320.0","8,370.0","+180.0","438,500","3,678,938","4,900","6,900","1.41","-","-","8,392.00","8,198.40","8,186.27","8,432.00","8,955.40","508,380","644,856","586,452"
"2022/06/06","8,160.0","8,230.0","8,130.0","8,190.0","-120.0","479,900","3,929,567","1,300","6,800","5.23","-","-","8,378.00","8,163.20","8,197.07","8,445.50","8,961.75","585,360","673,680","586,376"
"2022/06/03","8,480.0","8,500.0","8,250.0","8,310.0","-190.0","598,900","4,991,193","1,600","6,800","4.25","-","-","8,400.00","8,143.60","8,212.53","8,462.50","8,968.35","669,900","677,248","587,348"
"2022/06/02","8,530.0","8,620.0","8,460.0","8,500.0","-90.0","435,400","3,710,193","2,900","7,000","2.41","-","-","8,362.00","8,119.20","8,224.00","8,474.30","8,974.05","628,020","671,972","584,549"
"2022/06/01","8,350.0","8,610.0","8,350.0","8,590.0","+290.0","589,200","5,038,507","7,700","6,900","0.90","-","-","8,272.00","8,092.40","8,231.33","8,481.20","8,978.85","611,640","680,132","582,997"
"2022/05/31","8,300.0","8,390.0","8,260.0","8,300.0","0.0","823,400","6,847,979","100","2,800","28.00","-","-","8,168.00","8,069.20","8,235.47","8,487.30","8,983.55","590,600","680,200","578,369"
"2022/05/30","8,220.0","8,320.0","8,210.0","8,300.0","+180.0","902,600","7,480,435","2,100","2,900","1.38","-","-","8,156.00","8,053.20","8,244.53","8,496.40","8,990.20","511,860","669,720","572,305"
"2022/05/27","8,220.0","8,230.0","8,090.0","8,120.0","+70.0","389,500","3,174,299","100","2,800","28.00","-","-","8,158.00","8,031.60","8,252.67","8,505.00","8,997.10","417,160","650,168","566,932"
"2022/05/26","8,060.0","8,150.0","8,040.0","8,050.0","-20.0","353,500","2,854,026","100","2,900","29.00","-","-","8,176.00","8,010.80","8,266.00","8,516.40","9,002.20","412,620","646,600","571,884"
"2022/05/25","8,130.0","8,180.0","8,050.0","8,070.0","-170.0","484,000","3,918,286","100","2,900","29.00","-","-","8,188.00","7,995.60","8,275.87","8,527.70","9,008.00","437,440","644,696","572,056"
"2022/05/24","8,360.0","8,370.0","8,240.0","8,240.0","-70.0","429,700","3,566,169","0","3,900","0.00","-","-","8,236.00","7,982.40","8,286.93","8,537.50","9,013.55","491,380","644,956","570,402"
"2022/05/23","8,320.0","8,370.0","8,210.0","8,310.0","+100.0","429,100","3,560,436","0","3,900","0.00","-","-","8,208.00","7,957.60","8,295.33","8,545.80","9,019.00","481,420","650,692","571,142"
"2022/05/20","8,160.0","8,240.0","8,110.0","8,210.0","+100.0","366,800","3,003,817","0","3,100","0.00","-","-","8,176.00","7,924.40","8,297.87","8,553.00","9,023.95","484,120","656,448","571,002"
"2022/05/19","8,080.0","8,140.0","7,970.0","8,110.0","-200.0","477,600","3,851,344","0","3,100","0.00","-","-","8,176.00","7,903.20","8,304.93","8,564.00","9,028.80","510,420","657,508","570,808"
"2022/05/18","8,440.0","8,440.0","8,230.0","8,310.0","+210.0","753,700","6,276,010","1,100","3,400","3.09","-","-","8,162.00","7,886.80","8,316.13","8,577.30","9,032.90","547,360","670,104","568,710"
"2022/05/17","8,150.0","8,190.0","8,070.0","8,100.0","-50.0","379,900","3,081,042","200","3,700","18.50","-","-","8,156.00","7,862.80","8,325.73","8,588.10","9,036.10","716,780","679,780","561,601"
"2022/05/16","8,390.0","8,400.0","8,150.0","8,150.0","-60.0","442,600","3,640,975","14,300","4,500","0.31","0.00","-","8,188.00","7,851.60","8,337.60","8,599.20","9,041.20","839,120","705,532","562,362"
"2022/05/13","8,090.0","8,240.0","8,080.0","8,210.0","+170.0","498,300","4,075,247","100","4,500","45.00","-","-","8,166.00","7,851.20","8,354.13","8,609.80","9,046.25","857,780","718,604","561,989"
"2022/05/12","8,130.0","8,190.0","8,020.0","8,040.0","-240.0","662,300","5,356,174","200","4,600","23.00","-","-","8,160.00","7,860.80","8,369.60","8,619.80","9,051.75","950,320","712,168","562,508"
"2022/05/11","8,410.0","8,430.0","8,170.0","8,280.0","+20.0","1,600,800","13,322,570","1,000","5,000","5.00","-","-","8,138.00","7,876.80","8,391.60","8,631.20","9,058.90","1,020,720","707,856","557,948"
"2022/05/10","7,890.0","8,270.0","7,830.0","8,260.0","+220.0","991,600","8,078,415","200","6,100","30.50","-","-","8,040.00","7,884.40","8,410.93","8,642.40","9,064.60","917,140","665,112","539,937"
"2022/05/09","8,010.0","8,130.0","7,980.0","8,040.0","-140.0","535,900","4,307,737","0","5,900","0.00","-","-","7,886.00","7,895.60","8,427.20","8,653.60","9,069.50","950,640","644,516","531,570"
"2022/05/06","7,970.0","8,180.0","7,920.0","8,180.0","+250.0","961,000","7,788,187","0","6,100","0.00","-","-","7,818.00","7,920.40","8,446.80","8,665.00","9,075.45","957,280","648,332","528,072"
"2022/05/02","7,860.0","8,100.0","7,850.0","7,930.0","+140.0","1,014,300","8,059,512","300","5,900","19.67","-","-","7,722.00","7,935.60","8,464.67","8,677.30","9,080.95","858,480","632,440","519,408"
"2022/04/28","7,490.0","7,820.0","7,450.0","7,790.0","+300.0","1,082,900","8,327,169","400","7,000","17.50","-","-","7,702.00","7,958.80","8,484.27","8,689.50","9,088.70","783,500","623,780","510,749"
"2022/04/27","7,470.0","7,580.0","7,420.0","7,490.0","-210.0","1,159,100","8,685,971","200","5,800","29.00","-","-","7,746.00","7,995.20","8,509.87","8,704.90","9,097.25","685,100","601,140","500,698"
"2022/04/26","7,790.0","7,850.0","7,700.0","7,700.0","0.0","569,100","4,407,837","0","7,000","0.00","-","-","7,828.00","8,042.40","8,539.60","8,723.20","9,107.85","565,560","581,448","491,202"
"2022/04/25","7,570.0","7,750.0","7,530.0","7,700.0","-130.0","467,000","3,587,139","6,800","6,100","0.90","-","-","7,840.00","8,072.40","8,568.80","8,740.20","9,117.30","534,500","587,180","490,589"
"2022/04/22","7,930.0","7,960.0","7,780.0","7,830.0","-180.0","639,400","5,014,242","4,400","6,900","1.57","-","-","7,820.00","8,093.20","8,592.67","8,760.00","9,126.85","501,160","611,764","488,685"
"2022/04/21","7,830.0","8,020.0","7,810.0","8,010.0","+110.0","590,900","4,700,695","4,500","6,900","1.53","-","-","7,788.00","8,115.20","8,610.80","8,781.10","9,136.30","434,460","616,740","483,084"
"2022/04/20","7,880.0","7,960.0","7,810.0","7,900.0","+140.0","561,400","4,421,903","6,000","6,900","1.15","-","-","7,734.00","8,113.60","8,626.67","8,800.40","9,145.60","414,380","613,256","478,596"
"2022/04/19","7,750.0","7,780.0","7,630.0","7,760.0","+160.0","413,800","3,197,371","7,700","5,800","0.75","-","-","7,678.00","8,109.20","8,644.13","8,822.50","9,155.95","416,720","606,892","476,101"
"2022/04/18","7,520.0","7,600.0","7,470.0","7,600.0","-70.0","300,300","2,267,873","7,700","5,800","0.75","-","-","7,622.00","8,108.80","8,662.80","8,846.70","9,166.10","448,560","608,228","472,322"
"2022/04/15","7,660.0","7,770.0","7,610.0","7,670.0","-70.0","305,900","2,352,032","6,500","5,800","0.89","-","-","7,638.00","8,109.20","8,684.93","8,869.70","9,176.75","467,160","619,652","470,104"
"2022/04/14","7,690.0","7,740.0","7,660.0","7,740.0","+120.0","490,500","3,780,834","5,900","8,000","1.36","-","-","7,644.00","8,116.00","8,705.07","8,891.50","9,186.85","564,480","627,572","468,638"
"2022/04/13","7,520.0","7,680.0","7,490.0","7,620.0","+140.0","573,100","4,347,578","5,900","6,700","1.14","-","-","7,638.00","8,103.20","8,722.53","8,913.60","9,194.95","665,500","638,256","465,837"
"2022/04/12","7,680.0","7,710.0","7,470.0","7,480.0","-200.0","573,000","4,325,395","1,900","7,300","3.84","-","-","7,678.00","8,091.20","8,741.87","8,937.90","9,205.00","755,620","647,520","462,329"
"2022/04/11","7,640.0","7,720.0","7,600.0","7,680.0","-20.0","393,300","3,011,991","4,800","6,700","1.40","-","-","7,810.00","8,093.20","8,762.53","8,963.10","9,216.65","794,900","656,224","457,769"
"2022/04/08","7,750.0","7,770.0","7,640.0","7,700.0","-10.0","792,500","6,099,177","4,800","6,700","1.40","-","-","7,964.00","8,106.80","8,784.27","8,984.30","9,227.45","783,720","664,468","459,454"
"2022/04/07","7,550.0","7,730.0","7,450.0","7,710.0","-110.0","995,600","7,566,824","4,900","8,000","1.63","-","-","8,112.00","8,132.00","8,807.47","9,005.30","9,237.95","736,120","648,392","455,004"
"2022/04/06","8,000.0","8,000.0","7,780.0","7,820.0","-320.0","1,023,700","8,040,972","5,500","9,300","1.69","-","-","8,264.00","8,152.40","8,829.87","9,026.40","9,247.90","643,440","627,968","446,100"
"2022/04/05","8,480.0","8,490.0","8,110.0","8,140.0","-310.0","769,400","6,312,835","5,100","5,400","1.06","-","-","8,408.00","8,188.00","8,848.40","9,046.70","9,256.90","534,040","599,940","437,566"
"2022/04/04","8,290.0","8,500.0","8,290.0","8,450.0","+10.0","337,400","2,846,245","5,000","6,400","1.28","-","-","8,512.00","8,212.00","8,862.67","9,062.90","9,264.65","506,420","590,936","431,364"
"2022/04/01","8,350.0","8,510.0","8,220.0","8,440.0","-30.0","554,500","4,668,829","4,900","6,500","1.33","-","-","8,534.00","8,229.60","8,872.80","9,077.90","9,270.95","551,680","594,276","431,480"
"2022/03/31","8,520.0","8,670.0","8,440.0","8,470.0","-70.0","532,200","4,535,143","4,800","6,100","1.27","-","-","8,548.00","8,239.20","8,882.67","9,090.20","9,277.85","600,340","587,196","428,440"
"2022/03/30","8,700.0","8,720.0","8,440.0","8,540.0","-120.0","476,700","4,074,701","6,000","6,000","1.00","-","-","8,594.00","8,251.60","8,895.07","9,101.60","9,284.15","597,280","578,744","426,302"
"2022/03/29","8,670.0","8,830.0","8,610.0","8,660.0","+100.0","631,300","5,473,536","6,100","4,200","0.69","0.00","-","8,620.00","8,273.60","8,906.27","9,112.80","9,290.15","635,300","569,260","425,105"
"2022/03/28","8,600.0","8,650.0","8,470.0","8,560.0","+50.0","563,700","4,833,075","6,000","6,500","1.08","-","-","8,578.00","8,293.60","8,913.20","9,124.20","9,295.35","651,520","552,476","423,360"
"2022/03/25","8,690.0","8,690.0","8,420.0","8,510.0","-190.0","797,800","6,787,160","6,000","10,600","1.77","-","-","8,510.00","8,318.00","8,924.53","9,136.50","9,301.05","755,100","541,724","421,064"
"2022/03/24","8,580.0","8,710.0","8,410.0","8,700.0","+30.0","516,900","4,454,847","6,000","10,700","1.78","-","-","8,484.00","8,348.80","8,933.07","9,147.80","9,306.25","748,300","518,396","416,268"
"2022/03/23","8,520.0","8,670.0","8,510.0","8,670.0","+220.0","666,800","5,745,102","6,000","10,700","1.78","-","-","8,338.00","8,365.20","8,941.47","9,155.90","9,309.45","745,680","513,360","414,566"
"2022/03/22","8,330.0","8,530.0","8,330.0","8,450.0","+230.0","712,400","6,017,589","8,200","10,700","1.30","-","-","8,162.00","8,385.60","8,950.13","9,164.80","9,313.90","692,780","504,000","417,237"
"2022/03/18","8,350.0","8,470.0","8,180.0","8,220.0","-160.0","1,081,600","8,919,119","8,000","10,700","1.34","-","-","8,022.00","8,421.60","8,962.80","9,176.40","9,318.00","639,740","497,616","413,568"
"2022/03/17","8,420.0","8,510.0","8,170.0","8,380.0","+410.0","763,800","6,375,727","3,000","10,900","3.63","-","-","7,900.00","8,459.60","8,982.27","9,191.20","9,323.30","540,600","469,912","403,842"
"2022/03/16","7,840.0","8,020.0","7,830.0","7,970.0","+180.0","503,800","4,007,307","6,000","12,000","2.00","-","-","7,792.00","8,486.40","9,003.07","9,205.00","9,327.55","488,620","452,120","396,104"
"2022/03/15","7,750.0","7,880.0","7,710.0","7,790.0","+40.0","402,300","3,135,790","6,000","9,900","1.65","-","-","7,682.00","8,523.60","9,029.33","9,223.50","9,333.75","539,380","441,652","394,744"
"2022/03/14","7,650.0","7,840.0","7,650.0","7,750.0","+140.0","447,200","3,466,877","6,000","8,900","1.48","-","-","7,588.00","8,571.20","9,060.27","9,242.50","9,341.30","619,860","440,304","392,357"
"2022/03/11","7,600.0","7,710.0","7,510.0","7,610.0","-230.0","585,900","4,451,729","6,300","8,100","1.29","-","-","7,544.00","8,617.60","9,092.67","9,258.50","9,348.65","688,540","442,400","393,766"
"2022/03/10","7,760.0","7,880.0","7,740.0","7,840.0","+420.0","503,900","3,940,072","0","7,900","0.00","-","-","7,626.00","8,678.00","9,123.20","9,273.90","9,356.30","691,240","449,400","390,210"
"2022/03/09","7,330.0","7,540.0","7,310.0","7,420.0","+100.0","757,600","5,634,183","3,800","8,200","2.16","-","-","7,724.00","8,716.00","9,150.00","9,286.00","9,363.40","668,580","443,900","389,350"
"2022/03/08","7,380.0","7,500.0","7,310.0","7,320.0","-210.0","804,700","5,938,541","1,200","7,700","6.42","-","-","7,884.00","8,775.20","9,183.73","9,302.50","9,371.90","614,060","427,996","384,812"
"2022/03/07","7,630.0","7,690.0","7,290.0","7,530.0","-490.0","790,600","5,926,393","400","8,400","21.00","-","-","8,162.00","8,837.20","9,220.13","9,317.60","9,380.55","517,720","415,216","379,097"
"2022/03/04","8,180.0","8,200.0","7,900.0","8,020.0","-310.0","599,400","4,805,781","400","8,700","21.75","-","-","8,404.00","8,876.00","9,253.07","9,328.50","9,387.80","468,460","400,336","374,009"
"2022/03/03","8,320.0","8,430.0","8,290.0","8,330.0","+110.0","390,600","3,256,959","200","6,800","34.00","-","-","8,578.00","8,904.80","9,276.80","9,335.70","9,392.95","432,760","390,448","370,122"
"2022/03/02","8,530.0","8,610.0","8,220.0","8,220.0","-490.0","485,000","4,053,586","500","7,200","14.40","-","-","8,648.00","8,929.60","9,296.40","9,340.10","9,396.45","430,140","387,636","372,080"
"2022/03/01","8,870.0","8,890.0","8,690.0","8,710.0","-30.0","323,000","2,829,682","1,900","6,900","3.63","-","-","8,760.00","8,962.00","9,317.73","9,347.70","9,400.45","397,320","377,056","371,089"
"2022/02/28","8,820.0","8,820.0","8,630.0","8,740.0","-150.0","544,300","4,753,859","1,800","6,900","3.83","-","-","8,836.00","8,973.20","9,332.93","9,350.30","9,401.90","380,640","381,616","371,644"
"2022/02/25","8,620.0","8,930.0","8,620.0","8,890.0","+210.0","420,900","3,720,562","2,900","6,900","2.38","-","-","8,920.00","8,999.20","9,346.53","9,354.90","9,403.75","314,120","376,428","371,205"
"2022/02/24","8,670.0","8,790.0","8,570.0","8,680.0","-100.0","377,500","3,272,127","3,300","7,100","2.15","-","-","8,976.00","9,018.40","9,360.67","9,359.20","9,403.05","288,920","381,080","372,517"
"2022/02/22","8,940.0","8,960.0","8,750.0","8,780.0","-310.0","320,900","2,831,022","5,800","7,100","1.22","-","-","9,096.00","9,058.80","9,373.87","9,369.10","9,404.90","256,340","378,792","374,968"
"2022/02/21","9,060.0","9,150.0","8,950.0","9,090.0","-70.0","239,600","2,174,750","6,800","6,900","1.01","-","-","9,162.00","9,096.80","9,384.93","9,378.00","9,406.40","270,360","375,956","379,482"
"2022/02/18","9,080.0","9,190.0","9,020.0","9,160.0","-10.0","211,700","1,933,329","400","6,900","17.25","-","-","9,180.00","9,112.40","9,392.53","9,384.60","9,406.85","309,000","380,936","388,353"
"2022/02/17","9,240.0","9,300.0","9,120.0","9,170.0","-110.0","294,900","2,713,919","600","6,900","11.50","-","-","9,218.00","9,126.40","9,401.07","9,387.80","9,406.80","377,220","383,408","390,842"
"2022/02/16","9,350.0","9,420.0","9,240.0","9,280.0","+170.0","214,600","1,994,516","800","7,100","8.88","-","-","9,218.00","9,140.40","9,409.33","9,391.60","9,407.45","396,040","384,060","392,217"
"2022/02/15","9,200.0","9,240.0","9,070.0","9,110.0","-70.0","391,000","3,574,467","700","7,100","10.14","-","-","9,172.00","9,145.20","9,414.13","9,395.60","9,406.85","416,920","390,072","393,608"
"2022/02/14","9,160.0","9,230.0","9,060.0","9,180.0","-170.0","432,800","3,968,023","500","7,100","14.20","-","-","9,130.00","9,169.20","9,419.47","9,401.90","9,408.45","387,140","387,596","393,222"
"2022/02/10","9,320.0","9,380.0","9,180.0","9,350.0","+180.0","552,800","5,147,323","500","7,900","15.80","-","-","9,090.00","9,190.80","9,424.53","9,408.00","9,410.55","374,300","388,160","391,062"
"2022/02/09","9,120.0","9,220.0","9,020.0","9,170.0","+120.0","389,000","3,557,842","300","8,500","28.33","-","-","9,002.00","9,212.40","9,428.00","9,414.50","9,411.50","363,660","386,972","387,460"
"2022/02/08","8,900.0","9,070.0","8,900.0","9,050.0","+150.0","319,000","2,875,291","200","8,400","42.00","-","-","8,992.00","9,225.20","9,435.07","9,420.20","9,413.35","438,040","384,380","387,014"
"2022/02/07","8,830.0","8,920.0","8,760.0","8,900.0","-80.0","242,100","2,147,346","200","8,400","42.00","-","-","8,940.00","9,230.80","9,444.53","9,427.20","9,415.55","447,520","380,392","386,526"
"2022/02/04","9,070.0","9,080.0","8,850.0","8,980.0","+70.0","368,600","3,302,337","200","8,100","40.50","-","-","8,940.00","9,242.80","9,456.80","9,436.70","9,418.60","471,100","380,880","389,116"
"2022/02/03","8,820.0","8,960.0","8,710.0","8,910.0","-210.0","499,600","4,439,697","200","8,400","42.00","-","-","8,918.00","9,252.00","9,466.27","9,447.40","9,420.45","494,420","381,108","393,241"
"2022/02/02","8,880.0","9,180.0","8,790.0","9,120.0","+330.0","760,900","6,861,041","300","8,000","26.67","-","-","8,836.00","9,262.00","9,472.13","9,458.90","9,423.20","478,220","366,340","391,374"
"2022/02/01","8,950.0","9,000.0","8,770.0","8,790.0","-110.0","366,400","3,240,485","200","7,200","36.00","-","-","8,760.00","9,267.60","9,472.53","9,466.00","9,425.80","396,480","341,260","385,940"
"2022/01/31","8,750.0","8,920.0","8,630.0","8,900.0","+30.0","360,000","3,187,884","200","7,300","36.50","-","-","8,792.00","9,283.20","9,476.00","9,474.50","9,430.45","387,260","334,444","385,849"
"2022/01/28","8,650.0","8,930.0","8,610.0","8,870.0","+370.0","485,200","4,283,505","200","7,400","37.00","-","-","8,818.00","9,289.20","9,478.27","9,479.00","9,434.30","359,360","331,260","385,992"
"2022/01/27","8,800.0","8,840.0","8,420.0","8,500.0","-240.0","418,600","3,586,688","300","7,600","25.33","-","-","8,842.00","9,297.20","9,477.73","9,484.00","9,439.90","349,720","324,252","383,338"
"2022/01/26","8,930.0","8,960.0","8,700.0","8,740.0","-210.0","352,200","3,092,658","600","7,000","11.67","-","-","9,020.00","9,318.40","9,479.33","9,491.90","9,446.35","348,920","316,748","382,406"
"2022/01/25","9,010.0","9,010.0","8,840.0","8,950.0","-80.0","320,300","2,859,247","300","7,000","23.33","-","-","9,146.00","9,341.20","9,479.33","9,498.80","9,451.65","385,920","323,448","382,593"
"2022/01/24","8,870.0","9,070.0","8,840.0","9,030.0","+40.0","220,500","1,981,072","400","6,900","17.25","-","-","9,294.00","9,360.80","9,476.93","9,501.90","9,456.20","385,920","328,984","383,521"
"2022/01/21","9,220.0","9,220.0","8,860.0","8,990.0","-400.0","437,000","3,932,449","1,700","6,500","3.82","-","-","9,434.00","9,375.20","9,476.27","9,503.90","9,460.55","391,820","333,276","386,428"
"2022/01/20","9,290.0","9,470.0","9,210.0","9,390.0","+20.0","414,600","3,889,533","2,000","6,600","3.30","-","-","9,532.00","9,384.00","9,476.00","9,505.70","9,465.25","377,240","331,144","385,097"
"2022/01/19","9,520.0","9,610.0","9,320.0","9,370.0","-320.0","537,200","5,070,643","1,800","7,100","3.94","-","-","9,556.00","9,376.80","9,473.47","9,501.10","9,468.05","349,020","326,728","386,873"
"2022/01/18","9,850.0","9,910.0","9,660.0","9,690.0","-40.0","320,300","3,132,462","2,300","5,800","2.52","-","-","9,586.00","9,370.40","9,472.80","9,496.70","9,470.25","303,820","319,084","388,101"
"2022/01/17","9,600.0","9,790.0","9,590.0","9,730.0","+250.0","250,000","2,432,269","1,600","4,800","3.00","-","-","9,528.00","9,350.00","9,472.53","9,486.30","9,470.25","312,740","319,332","388,773"
"2022/01/14","9,570.0","9,610.0","9,430.0","9,480.0","-30.0","364,100","3,460,329","1,500","9,800","6.53","-","-","9,524.00","9,336.80","9,471.73","9,480.30","9,470.90","328,560","324,208","389,812"
"2022/01/13","9,550.0","9,560.0","9,450.0","9,510.0","-10.0","273,500","2,601,662","1,500","9,200","6.13","-","-","9,572.00","9,332.80","9,475.33","9,480.40","9,473.30","345,120","325,120","389,356"
"2022/01/12","9,400.0","9,560.0","9,370.0","9,520.0","+120.0","311,200","2,952,834","1,500","9,200","6.13","-","-","9,648.00","9,319.60","9,474.93","9,478.30","9,476.85","395,040","334,196","388,966"
"2022/01/11","9,620.0","9,690.0","9,390.0","9,400.0","-310.0","364,900","3,450,175","1,500","9,300","6.20","-","-","9,642.00","9,315.20","9,475.33","9,477.00","9,479.65","397,640","337,408","389,093"
"2022/01/07","9,810.0","9,850.0","9,670.0","9,710.0","-10.0","329,100","3,205,766","1,500","8,900","5.93","-","-","9,600.00","9,305.20","9,479.07","9,479.40","9,482.65","368,520","340,336","392,058"
"2022/01/06","9,810.0","9,880.0","9,710.0","9,720.0","-170.0","446,900","4,372,862","1,700","8,300","4.88","-","-","9,498.00","9,290.00","9,479.47","9,478.80","9,483.70","353,560","342,744","392,121"
"2022/01/05","9,660.0","9,900.0","9,650.0","9,890.0","+400.0","523,100","5,136,070","2,000","8,300","4.15","-","-","9,396.00","9,274.00","9,480.40","9,478.00","9,485.25","339,040","359,552","390,946"
"2022/01/04","9,340.0","9,520.0","9,290.0","9,490.0","+300.0","324,200","3,055,820","3,000","7,300","2.43","-","-","9,250.00","9,254.40","9,481.87","9,474.20","9,486.00","260,500","356,116","390,077"
"2021/12/30","9,200.0","9,270.0","9,160.0","9,190.0","-10.0","219,300","2,020,500","1,200","7,200","6.00","-","-","9,204.00","9,262.00","9,485.20","9,473.80","9,488.30","222,440","357,236","391,892"
"2021/12/29","9,210.0","9,290.0","9,170.0","9,200.0","-10.0","254,300","2,342,590","1,200","7,200","6.00","-","-","9,202.00","9,292.00","9,492.67","9,476.50","9,492.60","217,780","355,800","397,266"
"2021/12/28","9,240.0","9,260.0","9,150.0","9,210.0","+50.0","374,300","3,446,082","1,300","7,200","5.54","-","-","9,172.00","9,321.60","9,501.33","9,479.80","9,495.60","223,000","361,700","399,364"
"2021/12/27","9,210.0","9,270.0","9,150.0","9,160.0","-100.0","130,400","1,196,971","1,400","7,000","5.00","-","-","9,144.00","9,357.60","9,512.53","9,484.00","9,496.80","210,140","355,660","402,225"
"2021/12/24","9,300.0","9,300.0","9,220.0","9,260.0","+80.0","133,900","1,238,268","1,400","7,000","5.00","-","-","9,118.00","9,398.40","9,524.53","9,489.20","9,498.10","230,260","372,560","406,085"
"2021/12/23","9,070.0","9,180.0","9,050.0","9,180.0","+130.0","196,000","1,789,588","1,400","7,000","5.00","-","-","9,128.00","9,424.00","9,532.13","9,488.00","9,499.45","307,420","379,972","409,169"
"2021/12/22","9,080.0","9,130.0","8,950.0","9,050.0","-20.0","280,400","2,532,955","1,400","7,300","5.21","-","-","9,180.00","9,450.80","9,538.27","9,488.30","9,500.00","359,960","389,708","412,670"
"2021/12/21","9,180.0","9,230.0","9,070.0","9,070.0","+40.0","310,000","2,825,866","1,700","7,400","4.35","-","-","9,248.00","9,486.80","9,542.27","9,489.60","9,500.50","369,440","395,180","411,933"
"2021/12/20","9,160.0","9,220.0","9,030.0","9,030.0","-280.0","231,000","2,103,754","2,300","7,700","3.35","-","-","9,276.00","9,526.00","9,546.27","9,492.20","9,501.10","384,180","397,824","410,836"
"2021/12/17","9,450.0","9,480.0","9,280.0","9,310.0","-130.0","519,700","4,853,696","2,500","7,500","3.00","-","-","9,312.00","9,564.80","9,549.73","9,494.90","9,501.45","398,820","404,944","413,462"
"2021/12/16","9,490.0","9,560.0","9,380.0","9,440.0","+50.0","458,700","4,332,449","2,100","7,400","3.52","-","-","9,292.00","9,584.40","9,551.33","9,493.60","9,502.20","364,100","396,472","410,261"
"2021/12/15","9,290.0","9,510.0","9,290.0","9,390.0","+180.0","327,800","3,085,007","2,100","7,500","3.57","-","-","9,240.00","9,598.80","9,548.93","9,488.50","9,501.65","337,660","399,620","407,080"
"2021/12/14","9,150.0","9,270.0","9,140.0","9,210.0","0.0","383,700","3,530,442","900","7,700","8.56","-","-","9,242.00","9,616.00","9,546.80","9,484.10","9,502.30","346,480","402,936","406,385"
"2021/12/13","9,320.0","9,340.0","9,210.0","9,210.0","0.0","304,200","2,817,103","900","7,600","8.44","-","-","9,276.00","9,641.60","9,546.27","9,483.20","9,502.20","347,120","402,172","408,152"
"2021/12/10","9,190.0","9,350.0","9,190.0","9,210.0","+30.0","346,100","3,196,033","5,800","7,700","1.33","-","-","9,270.00","9,663.60","9,542.53","9,482.70","9,502.70","386,360","410,460","408,988"
"2021/12/09","9,330.0","9,390.0","9,170.0","9,180.0","-220.0","326,500","3,010,320","900","8,000","8.89","-","-","9,310.00","9,693.20","9,538.80","9,483.70","9,503.65","395,440","417,388","412,301"
"2021/12/08","9,530.0","9,540.0","9,390.0","9,400.0","+20.0","371,900","3,508,620","900","7,600","8.44","-","-","9,304.00","9,712.80","9,531.73","9,486.60","9,506.30","417,760","426,780","419,016"
"2021/12/07","9,290.0","9,410.0","9,090.0","9,380.0","+200.0","386,900","3,596,158","900","7,600","8.44","-","-","9,290.00","9,721.20","9,528.13","9,486.80","9,508.50","421,240","438,284","422,206"
"2021/12/06","9,400.0","9,450.0","9,160.0","9,180.0","-230.0","500,400","4,621,361","900","7,900","8.78","-","-","9,278.00","9,732.40","9,529.60","9,485.40","9,510.00","517,280","459,004","420,465"
"2021/12/03","9,180.0","9,420.0","9,090.0","9,410.0","+260.0","391,500","3,633,297","1,000","7,800","7.80","-","-","9,322.00","9,757.20","9,531.20","9,485.90","9,511.95","504,640","454,924","417,417"
"2021/12/02","9,210.0","9,310.0","9,120.0","9,150.0","-180.0","438,100","4,019,307","800","8,400","10.50","-","-","9,376.00","9,772.40","9,530.93","9,484.60","9,512.25","496,780","455,184","415,334"
"2021/12/01","9,280.0","9,410.0","9,230.0","9,330.0","+10.0","389,300","3,631,110","5,100","8,300","1.63","-","-","9,534.00","9,792.00","9,537.47","9,487.90","9,514.15","445,840","450,416","413,657"
"2021/11/30","9,520.0","9,620.0","9,320.0","9,320.0","-80.0","867,100","8,165,260","6,500","8,000","1.23","-","-","9,656.00","9,799.20","9,541.73","9,489.60","9,515.80","448,340","449,328","411,714"
"2021/11/29","9,530.0","9,580.0","9,400.0","9,400.0","-280.0","437,200","4,138,171","5,600","8,000","1.43","-","-","9,814.00","9,808.80","9,546.00","9,492.50","9,516.90","319,580","425,476","404,345"
"2021/11/26","9,880.0","9,880.0","9,670.0","9,680.0","-260.0","352,200","3,429,155","6,500","8,700","1.34","-","-","9,970.00","9,817.20","9,547.47","9,494.40","9,516.05","342,720","419,292","402,914"
"2021/11/25","10,000.0","10,030.0","9,910.0","9,940.0","0.0","183,400","1,825,382","9,100","8,300","0.91","0.00","-","10,014.00","9,818.00","9,544.40","9,493.70","9,512.60","336,120","419,428","400,478"
"2021/11/24","10,080.0","10,130.0","9,890.0","9,940.0","-170.0","401,800","4,011,457","9,200","9,300","1.01","0.00","-","9,996.00","9,810.80","9,538.00","9,491.50","9,504.85","387,320","423,388","399,882"
"2021/11/22","10,100.0","10,130.0","10,030.0","10,110.0","-70.0","223,300","2,253,848","11,100","7,900","0.71","0.00","-","9,998.00","9,806.00","9,532.53","9,490.80","9,496.30","390,400","424,768","397,548"
"2021/11/19","9,950.0","10,190.0","9,920.0","10,180.0","+280.0","552,900","5,586,744","17,700","11,500","0.65","0.00","-","9,986.00","9,789.20","9,526.13","9,489.40","9,488.10","420,960","442,956","400,756"
"2021/11/18","9,800.0","9,940.0","9,770.0","9,900.0","+50.0","319,200","3,156,040","14,100","800","0.06","0.05","-","9,950.00","9,756.00","9,519.47","9,485.50","9,480.45","392,180","435,224","401,868"
"2021/11/17","9,960.0","10,020.0","9,850.0","9,850.0","-100.0","439,400","4,356,602","8,100","900","0.11","0.00","-","9,930.00","9,726.00","9,509.33","9,483.80","9,473.80","389,920","436,588","407,526"
"2021/11/16","9,980.0","10,040.0","9,940.0","9,950.0","-100.0","417,200","4,163,429","14,500","900","0.06","0.00","-","9,920.00","9,694.00","9,500.80","9,482.20","9,467.95","409,520","433,396","406,341"
"2021/11/15","9,990.0","10,050.0","9,950.0","10,050.0","+50.0","376,100","3,769,599","11,300","600","0.05","0.00","-","9,894.00","9,658.80","9,490.53","9,476.30","9,460.90","408,220","431,536","404,296"
"2021/11/12","9,870.0","10,060.0","9,840.0","10,000.0","+200.0","409,000","4,076,966","9,500","700","0.07","0.00","-","9,854.00","9,610.00","9,480.93","9,472.10","9,453.15","405,920","427,940","403,676"
"2021/11/11","9,850.0","9,880.0","9,720.0","9,800.0","0.0","307,900","3,017,526","7,200","700","0.10","0.00","-","9,806.00","9,554.80","9,471.60","9,470.20","9,445.05","426,400","425,528","402,238"
"2021/11/10","9,870.0","9,950.0","9,790.0","9,800.0","-20.0","537,400","5,295,646","8,100","700","0.09","0.00","-","9,836.00","9,512.40","9,463.33","9,470.60","9,437.95","468,680","427,860","402,814"
"2021/11/09","9,950.0","10,010.0","9,820.0","9,820.0","-30.0","410,700","4,068,070","7,800","600","0.08","0.00","-","9,810.00","9,471.20","9,451.73","9,470.60","9,430.95","473,460","421,960","400,785"
"2021/11/08","9,830.0","9,930.0","9,810.0","9,850.0","+90.0","364,600","3,598,175","7,200","700","0.10","0.00","-","9,768.00","9,437.60","9,440.13","9,469.40","9,423.95","523,220","423,072","398,908"
"2021/11/05","10,020.0","10,030.0","9,730.0","9,760.0","-190.0","511,400","5,025,940","6,300","800","0.13","0.00","-","9,730.00","9,402.40","9,430.40","9,467.10","9,417.80","631,280","421,976","399,384"
"2021/11/04","9,820.0","9,970.0","9,720.0","9,950.0","+280.0","519,300","5,133,804","6,800","800","0.12","0.00","-","9,738.00","9,380.00","9,422.40","9,466.40","9,412.00","608,680","423,432","396,118"
"2021/11/02","9,600.0","9,780.0","9,580.0","9,670.0","+60.0","561,300","5,423,986","3,100","700","0.23","0.00","-","9,706.00","9,354.80","9,413.87","9,464.00","9,404.55","584,420","427,832","393,758"
"2021/11/01","9,810.0","9,810.0","9,460.0","9,610.0","-50.0","659,500","6,331,304","1,700","2,100","1.24","-","-","9,700.00","9,354.80","9,411.20","9,465.50","9,398.20","535,940","420,208","392,546"
"2021/10/29","9,650.0","9,740.0","9,540.0","9,660.0","-140.0","904,900","8,739,175","1,900","1,100","0.58","0.00","-","9,680.00","9,357.20","9,408.67","9,466.70","9,391.40","476,460","406,944","388,845"
"2021/10/28","9,730.0","9,860.0","9,700.0","9,800.0","+10.0","398,400","3,905,599","3,200","1,100","0.34","0.00","-","9,660.00","9,360.80","9,403.07","9,467.50","9,384.05","349,640","383,944","382,718"
"2021/10/27","9,700.0","9,820.0","9,680.0","9,790.0","+150.0","398,000","3,888,735","3,200","900","0.28","0.00","-","9,622.00","9,348.00","9,395.47","9,466.50","9,375.80","326,480","377,780","383,354"
"2021/10/26","9,660.0","9,730.0","9,570.0","9,640.0","+130.0","318,900","3,080,347","1,800","900","0.50","0.00","-","9,604.00","9,338.40","9,388.67","9,465.60","9,367.60","318,000","374,688","382,961"
"2021/10/25","9,470.0","9,590.0","9,460.0","9,510.0","-50.0","362,100","3,446,012","2,500","900","0.36","0.00","-","9,628.00","9,340.00","9,386.53","9,464.70","9,360.35","310,700","385,424","381,530"
"2021/10/22","9,500.0","9,640.0","9,490.0","9,560.0","-50.0","270,800","2,587,435","2,600","900","0.35","0.00","-","9,690.00","9,349.20","9,386.40","9,463.00","9,354.00","325,540","384,292","379,204"
"2021/10/21","9,700.0","9,800.0","9,600.0","9,610.0","-90.0","282,600","2,731,469","2,800","1,700","0.61","0.00","-","9,716.00","9,358.40","9,387.07","9,463.00","9,346.95","406,980","387,812","380,382"
"2021/10/20","9,800.0","9,870.0","9,700.0","9,700.0","-60.0","355,600","3,471,727","3,100","1,100","0.35","0.00","-","9,664.00","9,374.00","9,386.80","9,459.60","9,338.85","422,380","394,824","380,692"
"2021/10/19","9,760.0","9,770.0","9,670.0","9,760.0","-60.0","282,400","2,751,181","2,500","1,100","0.44","0.00","-","9,554.00","9,375.60","9,385.60","9,455.40","9,329.85","421,920","399,012","381,274"
"2021/10/18","9,710.0","9,880.0","9,690.0","9,820.0","+130.0","436,300","4,277,776","1,800","1,800","1.00","-","-","9,412.00","9,375.20","9,385.07","9,450.10","9,320.65","437,360","412,612","382,890"
"2021/10/15","9,550.0","9,720.0","9,530.0","9,690.0","+340.0","678,000","6,545,386","31,000","700","0.02","0.00","-","9,262.00","9,376.40","9,385.73","9,444.00","9,311.25","424,240","411,624","382,561"
"2021/10/14","9,270.0","9,350.0","9,170.0","9,350.0","+200.0","359,600","3,345,818","1,000","1,800","1.80","-","-","9,090.00","9,390.80","9,389.47","9,440.10","9,302.55","345,880","408,060","380,306"
"2021/10/13","9,040.0","9,240.0","9,040.0","9,150.0","+100.0","353,300","3,239,365","900","900","1.00","-","-","8,944.00","9,419.20","9,395.33","9,438.80","9,295.45","343,700","410,472","380,129"
"2021/10/12","9,090.0","9,170.0","9,040.0","9,050.0","-20.0","359,600","3,267,065","1,000","900","0.90","-","-","8,862.00","9,446.40","9,403.07","9,438.70","9,289.95","346,280","410,948","381,664"
"2021/10/11","8,980.0","9,100.0","8,970.0","9,070.0","+240.0","370,700","3,354,858","800","1,500","1.88","-","-","8,806.00","9,470.00","9,411.60","9,440.80","9,285.10","352,340","414,908","384,014"
"2021/10/08","8,850.0","8,920.0","8,800.0","8,830.0","+210.0","286,200","2,531,427","800","1,500","1.88","-","-","8,788.00","9,481.20","9,415.47","9,441.30","9,280.35","365,900","409,084","385,400"
"2021/10/07","8,680.0","8,700.0","8,560.0","8,620.0","-120.0","348,700","3,012,653","800","2,500","3.13","-","-","8,816.00","9,502.80","9,426.13","9,443.50","9,276.75","376,100","406,744","392,462"
"2021/10/06","8,800.0","8,940.0","8,650.0","8,740.0","-30.0","366,200","3,209,690","800","3,200","4.00","-","-","8,932.00","9,529.60","9,442.00","9,447.10","9,273.50","415,920","409,916","392,778"
"2021/10/05","8,880.0","8,930.0","8,710.0","8,770.0","-210.0","389,900","3,431,226","900","2,300","2.56","-","-","9,048.00","9,557.20","9,456.67","9,450.20","9,268.90","468,540","406,452","392,282"
"2021/10/04","9,270.0","9,310.0","8,920.0","8,980.0","+10.0","438,500","3,957,974","900","2,000","2.22","-","-","9,228.00","9,576.80","9,470.40","9,452.80","9,264.10","464,700","399,660","391,484"
"2021/10/01","9,130.0","9,180.0","8,920.0","8,970.0","-230.0","337,200","3,036,249","1,000","2,700","2.70","-","-","9,366.00","9,586.80","9,480.00","9,453.20","9,258.70","442,580","393,148","388,602"
"2021/09/30","9,330.0","9,340.0","9,130.0","9,200.0","-120.0","547,800","5,046,574","1,100","2,300","2.09","-","-","9,522.00","9,594.80","9,488.67","9,453.50","9,253.75","441,120","400,308","390,146"
"2021/09/29","9,500.0","9,510.0","9,240.0","9,320.0","-350.0","629,300","5,877,946","1,600","2,700","1.69","-","-","9,578.00","9,584.00","9,495.20","9,452.60","9,247.15","380,420","393,072","386,405"
"2021/09/28","9,680.0","9,690.0","9,580.0","9,670.0","0.0","370,700","3,579,627","7,400","2,100","0.28","0.00","-","9,624.00","9,568.40","9,500.40","9,446.90","9,239.80","318,700","391,684","382,461"
"2021/09/27","9,800.0","9,830.0","9,660.0","9,670.0","-80.0","327,900","3,186,053","2,000","2,000","1.00","-","-","9,626.00","9,527.60","9,502.40","9,440.70","9,230.20","362,020","410,060","382,185"
"2021/09/24","9,720.0","9,760.0","9,650.0","9,750.0","+270.0","329,900","3,210,993","2,300","1,600","0.70","-","-","9,640.00","9,506.00","9,503.20","9,434.80","9,219.75","363,200","421,392","383,074"
"2021/09/22","9,500.0","9,560.0","9,450.0","9,480.0","-70.0","244,300","2,318,021","800","1,600","2.00","-","-","9,648.00","9,495.60","9,503.07","9,429.10","9,208.70","368,980","418,448","384,652"
"2021/09/21","9,530.0","9,590.0","9,440.0","9,550.0","-130.0","320,700","3,059,266","1,900","1,700","0.89","-","-","9,752.00","9,488.40","9,506.00","9,425.80","9,200.10","411,700","419,548","386,102"
"2021/09/17","9,750.0","9,760.0","9,650.0","9,680.0","-60.0","587,300","5,688,981","400","1,700","4.25","-","-","9,790.00","9,482.00","9,508.00","9,423.30","9,191.20","439,620","416,132","388,242"
"2021/09/16","9,800.0","9,830.0","9,670.0","9,740.0","-50.0","333,800","3,254,148","800","2,000","2.50","-","-","9,804.00","9,480.40","9,506.27","9,418.10","9,181.40","446,640","405,132","385,253"
"2021/09/15","9,830.0","9,890.0","9,740.0","9,790.0","-210.0","358,800","3,515,996","1,100","4,000","3.64","-","-","9,826.00","9,476.80","9,500.93","9,415.00","9,171.00","462,200","401,524","387,077"
"2021/09/14","9,880.0","10,020.0","9,840.0","10,000.0","+260.0","457,900","4,559,708","2,200","1,800","0.82","-","-","9,878.00","9,470.80","9,497.87","9,413.10","9,159.35","508,220","399,748","387,730"
"2021/09/13","9,470.0","9,740.0","9,430.0","9,740.0","-10.0","460,300","4,437,301","1,300","3,000","2.31","-","-","9,890.00","9,451.20","9,488.13","9,408.50","9,146.15","500,620","394,628","388,017"
"2021/09/10","9,750.0","9,890.0","9,700.0","9,750.0","-100.0","622,400","6,074,477","1,600","3,700","2.31","-","-","9,908.00","9,439.60","9,482.00","9,406.50","9,133.90","481,600","382,996","384,946"
"2021/09/09","9,930.0","10,010.0","9,810.0","9,850.0","-200.0","411,600","4,064,575","2,600","3,900","1.50","-","-","9,886.00","9,428.00","9,475.07","9,403.90","9,121.95","448,840","363,648","381,846"
"2021/09/08","9,800.0","10,060.0","9,760.0","10,050.0","-10.0","588,900","5,882,290","4,300","3,000","0.70","0.00","-","9,786.00","9,415.20","9,466.53","9,400.50","9,109.60","411,540","356,252","380,820"
"2021/09/07","9,950.0","10,110.0","9,930.0","10,060.0","+230.0","419,900","4,214,606","3,300","3,200","0.97","-","-","9,650.00","9,398.40","9,456.53","9,393.50","9,095.45","339,300","351,252","378,584"
"2021/09/06","9,740.0","9,870.0","9,720.0","9,830.0","+190.0","365,200","3,581,591","300","3,600","12.00","-","-","9,496.00","9,383.20","9,445.33","9,387.50","9,081.35","340,920","359,908","376,086"
"2021/09/03","9,340.0","9,670.0","9,310.0","9,640.0","+290.0","458,600","4,388,823","300","3,700","12.33","-","-","9,416.00","9,355.60","9,436.13","9,385.60","9,068.60","323,800","375,044","375,078"
"2021/09/02","9,430.0","9,480.0","9,350.0","9,350.0","-20.0","225,100","2,111,643","300","4,300","14.33","-","-","9,340.00","9,338.40","9,431.07","9,386.40","9,055.20","276,100","370,720","372,593"
"2021/09/01","9,330.0","9,380.0","9,290.0","9,370.0","+80.0","227,700","2,128,246","400","4,400","11.00","-","-","9,316.00","9,331.60","9,428.00","9,389.60","9,042.45","286,220","372,268","372,370"
"2021/08/31","9,340.0","9,360.0","9,210.0","9,290.0","-140.0","428,000","3,971,173","300","4,400","14.67","-","-","9,276.00","9,330.00","9,423.73","9,395.80","9,029.35","343,920","376,344","372,936"
"2021/08/30","9,400.0","9,480.0","9,310.0","9,430.0","+170.0","279,600","2,633,164","1,500","4,000","2.67","-","-","9,204.00","9,330.40","9,419.60","9,400.80","9,016.65","331,700","371,272","371,969"
"2021/08/27","9,180.0","9,270.0","9,100.0","9,260.0","+30.0","220,100","2,027,740","1,400","4,300","3.07","-","-","9,104.00","9,320.40","9,414.53","9,404.50","9,003.60","394,700","374,132","374,800"
"2021/08/26","9,230.0","9,350.0","9,190.0","9,230.0","+60.0","275,700","2,547,713","1,500","4,100","2.73","-","-","8,982.00","9,307.20","9,411.47","9,410.50","8,991.40","516,700","380,736","377,616"
"2021/08/25","9,060.0","9,260.0","9,030.0","9,170.0","+240.0","516,200","4,734,830","300","4,400","14.67","-","-","8,962.00","9,296.00","9,408.67","9,417.20","8,978.85","583,800","380,504","378,017"
"2021/08/24","8,960.0","9,040.0","8,910.0","8,930.0","0.0","366,900","3,285,595","300","4,500","15.00","-","-","9,026.00","9,294.00","9,406.40","9,424.80","8,967.50","531,820","375,868","374,936"
"2021/08/23","8,770.0","9,030.0","8,750.0","8,930.0","+280.0","594,600","5,314,679","0","4,500","0.00","-","-","9,100.00","9,303.20","9,408.80","9,435.00","8,955.80","512,800","371,852","378,901"
"2021/08/20","9,080.0","9,100.0","8,620.0","8,650.0","-480.0","830,100","7,288,242","400","4,200","10.50","-","-","9,192.00","9,318.40","9,406.40","9,443.80","8,944.35","440,940","361,760","381,446"
"2021/08/19","9,380.0","9,450.0","9,030.0","9,130.0","-360.0","611,200","5,638,561","500","3,400","6.80","-","-","9,390.00","9,351.20","9,411.73","9,454.20","8,934.75","337,380","347,372","382,358"
"2021/08/18","9,340.0","9,570.0","9,330.0","9,490.0","+190.0","256,300","2,426,403","900","3,400","3.78","-","-","9,494.00","9,362.80","9,411.07","9,461.50","8,923.10","263,860","338,200","377,470"
"2021/08/17","9,400.0","9,430.0","9,300.0","9,300.0","-90.0","271,800","2,536,618","1,000","3,500","3.50","-","-","9,524.00","9,352.80","9,406.93","9,466.20","8,909.00","275,480","345,764","377,144"
"2021/08/16","9,520.0","9,520.0","9,380.0","9,390.0","-250.0","235,300","2,216,618","1,700","7,400","4.35","-","-","9,566.00","9,350.00","9,404.93","9,475.40","8,896.35","287,100","352,736","376,312"
"2021/08/13","9,570.0","9,670.0","9,480.0","9,640.0","-10.0","312,300","2,996,795","1,300","3,300","2.54","-","-","9,578.00","9,345.60","9,403.73","9,482.30","8,882.90","273,940","358,064","375,797"
"2021/08/12","9,650.0","9,740.0","9,610.0","9,650.0","+10.0","243,600","2,354,689","1,700","3,400","2.00","-","-","9,542.00","9,339.20","9,397.33","9,485.90","8,868.75","239,220","354,036","375,762"
"2021/08/11","9,600.0","9,720.0","9,570.0","9,640.0","+130.0","314,400","3,036,286","1,300","3,400","2.62","-","-","9,518.00","9,333.20","9,394.40","9,488.60","8,854.30","235,840","351,796","376,860"
"2021/08/10","9,510.0","9,690.0","9,480.0","9,510.0","+60.0","329,900","3,151,332","1,000","3,400","3.40","-","-","9,516.00","9,332.00","9,393.87","9,492.50","8,840.25","265,740","353,588","375,113"
"2021/08/06","9,460.0","9,520.0","9,400.0","9,450.0","-10.0","169,500","1,603,611","1,000","3,400","3.40","-","-","9,550.00","9,335.20","9,394.27","9,497.80","8,827.10","327,020","352,624","374,066"
"2021/08/05","9,480.0","9,530.0","9,430.0","9,460.0","-70.0","138,700","1,312,464","1,000","3,300","3.30","-","-","9,488.00","9,341.60","9,395.47","9,502.80","8,814.10","441,840","361,816","375,069"
"2021/08/04","9,550.0","9,570.0","9,470.0","9,530.0","-100.0","226,700","2,160,199","1,000","3,200","3.20","-","-","9,438.00","9,352.00","9,395.87","9,508.70","8,801.05","484,200","372,412","378,761"
"2021/08/03","9,600.0","9,780.0","9,590.0","9,630.0","-50.0","463,900","4,482,840","1,100","3,400","3.09","-","-","9,368.00","9,365.60","9,395.60","9,511.40","8,787.45","491,620","379,808","381,208"
"2021/08/02","9,290.0","9,680.0","9,260.0","9,680.0","+540.0","636,300","6,079,927","400","3,300","8.25","-","-","9,308.00","9,379.20","9,391.87","9,509.60","8,774.15","464,760","381,608","381,706"
"2021/07/30","9,150.0","9,500.0","9,090.0","9,140.0","-70.0","743,600","6,861,661","200","3,500","17.50","-","-","9,232.00","9,383.60","9,388.93","9,507.00","8,760.40","397,740","370,008","379,092"
"2021/07/29","9,260.0","9,290.0","9,140.0","9,210.0","+30.0","350,500","3,225,640","200","3,700","18.50","-","-","9,240.00","9,407.20","9,395.60","9,510.90","8,748.70","319,240","359,000","373,508"
"2021/07/28","9,200.0","9,280.0","9,160.0","9,180.0","-150.0","263,800","2,425,386","300","3,800","12.67","-","-","9,184.00","9,426.40","9,402.40","9,511.70","8,736.60","326,180","366,416","374,077"
"2021/07/27","9,300.0","9,400.0","9,230.0","9,330.0","+30.0","329,600","3,071,028","2,000","2,600","1.30","-","-","9,138.00","9,433.60","9,408.93","9,511.40","8,724.20","327,400","374,848","375,684"
"2021/07/26","9,330.0","9,350.0","9,230.0","9,300.0","+120.0","301,200","2,800,472","2,200","2,900","1.32","-","-","9,096.00","9,445.60","9,417.73","9,510.00","8,710.75","341,540","394,300","375,532"
"2021/07/21","9,080.0","9,240.0","9,060.0","9,180.0","+250.0","351,100","3,221,740","2,200","3,200","1.45","-","-","9,068.00","9,466.00","9,424.27","9,508.00","8,697.45","334,600","397,148","374,453"
"2021/07/20","8,840.0","8,990.0","8,800.0","8,930.0","-20.0","385,200","3,431,179","2,100","3,400","1.62","-","-","9,094.00","9,492.40","9,432.53","9,510.80","8,685.20","332,840","396,264","375,054"
"2021/07/19","8,970.0","9,030.0","8,920.0","8,950.0","-170.0","269,900","2,418,881","3,100","3,900","1.26","-","-","9,202.00","9,527.20","9,444.93","9,514.80","8,674.00","349,880","394,056","378,464"
"2021/07/16","9,200.0","9,240.0","9,120.0","9,120.0","-40.0","400,300","3,666,333","3,100","4,800","1.55","-","-","9,296.00","9,557.20","9,457.60","9,520.50","8,662.40","372,280","392,156","381,908"
"2021/07/15","9,300.0","9,300.0","9,150.0","9,160.0","-150.0","266,500","2,451,459","3,000","3,100","1.03","-","-","9,320.00","9,577.20","9,468.40","9,521.20","8,649.10","381,300","394,264","384,548"
"2021/07/14","9,250.0","9,410.0","9,250.0","9,310.0","-160.0","342,300","3,194,416","3,000","2,700","0.90","-","-","9,334.00","9,598.40","9,478.93","9,522.70","8,635.85","417,220","394,292","386,382"
"2021/07/13","9,430.0","9,520.0","9,360.0","9,470.0","+50.0","470,400","4,445,806","2,900","2,500","0.86","-","-","9,328.00","9,614.40","9,485.60","9,523.60","8,622.65","422,460","393,940","386,620"
"2021/07/12","9,450.0","9,450.0","9,300.0","9,420.0","+180.0","381,900","3,587,761","2,800","2,800","1.00","-","-","9,330.00","9,628.40","9,488.53","9,526.00","8,608.15","370,700","389,124","386,457"
"2021/07/09","9,110.0","9,250.0","9,030.0","9,240.0","+10.0","445,400","4,079,915","2,800","5,500","1.96","-","-","9,346.00","9,640.80","9,494.40","9,530.20","8,594.35","331,840","389,632","385,714"
"2021/07/08","9,300.0","9,350.0","9,230.0","9,230.0","-50.0","446,100","4,136,445","4,700","4,800","1.02","-","-","9,420.00","9,660.80","9,504.00","9,534.60","8,581.65","314,600","389,744","386,033"
"2021/07/07","9,240.0","9,310.0","9,220.0","9,280.0","-200.0","368,500","3,415,519","5,000","4,500","0.90","-","-","9,492.00","9,679.60","9,517.20","9,538.00","8,569.15","286,540","386,024","388,269"
"2021/07/06","9,530.0","9,560.0","9,470.0","9,480.0","-20.0","211,600","2,012,023","4,800","3,000","0.63","0.00","-","9,558.00","9,696.40","9,527.87","9,539.90","8,556.00","292,700","390,532","389,665"
"2021/07/05","9,540.0","9,540.0","9,470.0","9,500.0","-110.0","187,600","1,782,600","4,800","3,200","0.67","0.00","-","9,606.00","9,699.20","9,534.80","9,540.40","8,541.75","331,100","396,592","391,120"
"2021/07/02","9,520.0","9,650.0","9,520.0","9,610.0","+20.0","359,200","3,447,004","5,200","2,500","0.48","0.00","-","9,680.00","9,692.80","9,540.40","9,542.00","8,526.15","375,900","407,912","393,853"
"2021/07/01","9,640.0","9,670.0","9,560.0","9,590.0","-20.0","305,800","2,937,170","5,000","2,500","0.50","0.00","-","9,752.00","9,690.80","9,546.00","9,541.30","8,509.65","405,840","409,856","394,756"
"2021/06/30","9,700.0","9,780.0","9,610.0","9,610.0","-110.0","399,300","3,858,695","4,800","3,100","0.65","0.00","-","9,792.00","9,678.00","9,552.00","9,537.70","8,493.35","413,940","416,800","397,860"
"2021/06/29","9,810.0","9,830.0","9,680.0","9,720.0","-150.0","403,600","3,929,825","5,400","5,600","1.04","-","-","9,816.00","9,664.80","9,556.53","9,531.50","8,476.65","427,760","410,028","403,093"
"2021/06/28","9,970.0","9,970.0","9,850.0","9,870.0","-100.0","411,600","4,072,203","12,200","5,100","0.42","0.20","-","9,810.00","9,645.20","9,560.93","9,518.20","8,459.40","454,220","409,480","409,228"
"2021/06/25","9,940.0","10,040.0","9,900.0","9,970.0","+180.0","508,900","5,067,033","15,500","2,200","0.14","0.20","-","9,708.00","9,618.80","9,560.00","9,501.80","8,441.20","466,820","406,400","414,230"
"2021/06/24","9,710.0","9,840.0","9,690.0","9,790.0","+60.0","346,300","3,387,650","6,400","2,800","0.44","0.00","-","9,640.00","9,592.00","9,553.07","9,486.80","8,422.45","528,220","402,892","413,518"
