,date,start_value,high_value,low_value,end_value,cmp_ytd,volume,baibai_daikin,kashikabu_zandaka,yuushi_zandaka,taishaku_bairitu,gyaku_nippo,tokukara,5DMA,25DMA,75DMA,100DMA,200DMA,5DVMA,25DVMA,75DVMA
0,2022/06/24,8120.0,8200.0,8070.0,8140.0,-30.0,345200,2808609,2000,3100,1.55,-,-,8116.0,8244.4,8087.33,8284.5,8888.2,410300,591576,634749
1,2022/06/23,8170.0,8260.0,8150.0,8170.0,-40.0,380900,3120003,1500,3200,2.13,-,-,8110.0,8247.2,8085.73,8290.5,8894.65,752140,592440,638138
2,2022/06/22,8180.0,8290.0,8140.0,8210.0,70.0,453800,3735674,1500,3700,2.47,-,-,8128.0,8244.8,8087.87,8298.3,8900.1,788440,596308,638268
3,2022/06/21,8070.0,8210.0,8040.0,8140.0,220.0,434800,3533924,1200,3600,3.0,-,-,8130.0,8248.8,8088.0,8306.5,8905.2,876500,608304,638684
4,2022/06/20,8190.0,8190.0,7870.0,7920.0,-190.0,436800,3480068,1200,3200,2.67,-,-,8118.0,8247.2,8095.6,8315.0,8910.35,914480,606108,637193
5,2022/06/17,7960.0,8230.0,7940.0,8110.0,-150.0,2054400,16662006,3200,2800,0.88,-,-,8146.0,8256.4,8106.53,8329.7,8915.4,958720,606340,638626
6,2022/06/16,8250.0,8340.0,8200.0,8260.0,40.0,562400,4642373,1400,2900,2.07,-,-,8212.0,8260.4,8116.93,8342.3,8919.5,673480,544096,616846
7,2022/06/15,8380.0,8380.0,8200.0,8220.0,140.0,894100,7381316,1400,3900,2.79,-,-,8264.0,8251.6,8122.53,8356.6,8921.45,639080,548092,614381
8,2022/06/14,7980.0,8130.0,7950.0,8080.0,20.0,624700,5039844,3700,5500,1.49,-,-,8318.0,8254.0,8130.0,8371.7,8926.0,574660,576360,606738
9,2022/06/13,8140.0,8220.0,8060.0,8060.0,-380.0,658000,5335172,4800,5300,1.1,-,-,8376.0,8261.2,8143.47,8385.7,8933.05,537420,591036,601604
10,2022/06/10,8470.0,8530.0,8400.0,8440.0,-80.0,628200,5307164,3700,3900,1.05,-,-,8402.0,8260.4,8158.13,8400.2,8939.25,501800,586152,595653
11,2022/06/09,8520.0,8610.0,8470.0,8520.0,30.0,390400,3336734,3900,2300,0.59,-,-,8376.0,8250.0,8167.87,8411.0,8944.0,495940,599464,591209
12,2022/06/08,8390.0,8490.0,8340.0,8490.0,120.0,572000,4830693,3300,7000,2.12,-,-,8372.0,8226.4,8178.0,8419.8,8949.6,504940,624420,588865
13,2022/06/07,8340.0,8450.0,8320.0,8370.0,180.0,438500,3678938,4900,6900,1.41,-,-,8392.0,8198.4,8186.27,8432.0,8955.4,508380,644856,586452
14,2022/06/06,8160.0,8230.0,8130.0,8190.0,-120.0,479900,3929567,1300,6800,5.23,-,-,8378.0,8163.2,8197.07,8445.5,8961.75,585360,673680,586376
15,2022/06/03,8480.0,8500.0,8250.0,8310.0,-190.0,598900,4991193,1600,6800,4.25,-,-,8400.0,8143.6,8212.53,8462.5,8968.35,669900,677248,587348
16,2022/06/02,8530.0,8620.0,8460.0,8500.0,-90.0,435400,3710193,2900,7000,2.41,-,-,8362.0,8119.2,8224.0,8474.3,8974.05,628020,671972,584549
17,2022/06/01,8350.0,8610.0,8350.0,8590.0,290.0,589200,5038507,7700,6900,0.9,-,-,8272.0,8092.4,8231.33,8481.2,8978.85,611640,680132,582997
18,2022/05/31,8300.0,8390.0,8260.0,8300.0,0.0,823400,6847979,100,2800,28.0,-,-,8168.0,8069.2,8235.47,8487.3,8983.55,590600,680200,578369
19,2022/05/30,8220.0,8320.0,8210.0,8300.0,180.0,902600,7480435,2100,2900,1.38,-,-,8156.0,8053.2,8244.53,8496.4,8990.2,511860,669720,572305
20,2022/05/27,8220.0,8230.0,8090.0,8120.0,70.0,389500,3174299,100,2800,28.0,-,-,8158.0,8031.6,8252.67,8505.0,8997.1,417160,650168,566932
21,2022/05/26,8060.0,8150.0,8040.0,8050.0,-20.0,353500,2854026,100,2900,29.0,-,-,8176.0,8010.8,8266.0,8516.4,9002.2,412620,646600,571884
22,2022/05/25,8130.0,8180.0,8050.0,8070.0,-170.0,484000,3918286,100,2900,29.0,-,-,8188.0,7995.6,8275.87,8527.7,9008.0,437440,644696,572056
23,2022/05/24,8360.0,8370.0,8240.0,8240.0,-70.0,429700,3566169,0,3900,0.0,-,-,8236.0,7982.4,8286.93,8537.5,9013.55,491380,644956,570402
24,2022/05/23,8320.0,8370.0,8210.0,8310.0,100.0,429100,3560436,0,3900,0.0,-,-,8208.0,7957.6,8295.33,8545.8,9019.0,481420,650692,571142
25,2022/05/20,8160.0,8240.0,8110.0,8210.0,100.0,366800,3003817,0,3100,0.0,-,-,8176.0,7924.4,8297.87,8553.0,9023.95,484120,656448,571002
26,2022/05/19,8080.0,8140.0,7970.0,8110.0,-200.0,477600,3851344,0,3100,0.0,-,-,8176.0,7903.2,8304.93,8564.0,9028.8,510420,657508,570808
27,2022/05/18,8440.0,8440.0,8230.0,8310.0,210.0,753700,6276010,1100,3400,3.09,-,-,8162.0,7886.8,8316.13,8577.3,9032.9,547360,670104,568710
28,2022/05/17,8150.0,8190.0,8070.0,8100.0,-50.0,379900,3081042,200,3700,18.5,-,-,8156.0,7862.8,8325.73,8588.1,9036.1,716780,679780,561601
29,2022/05/16,8390.0,8400.0,8150.0,8150.0,-60.0,442600,3640975,14300,4500,0.31,0.00,-,8188.0,7851.6,8337.6,8599.2,9041.2,839120,705532,562362
30,2022/05/13,8090.0,8240.0,8080.0,8210.0,170.0,498300,4075247,100,4500,45.0,-,-,8166.0,7851.2,8354.13,8609.8,9046.25,857780,718604,561989
31,2022/05/12,8130.0,8190.0,8020.0,8040.0,-240.0,662300,5356174,200,4600,23.0,-,-,8160.0,7860.8,8369.6,8619.8,9051.75,950320,712168,562508
32,2022/05/11,8410.0,8430.0,8170.0,8280.0,20.0,1600800,13322570,1000,5000,5.0,-,-,8138.0,7876.8,8391.6,8631.2,9058.9,1020720,707856,557948
33,2022/05/10,7890.0,8270.0,7830.0,8260.0,220.0,991600,8078415,200,6100,30.5,-,-,8040.0,7884.4,8410.93,8642.4,9064.6,917140,665112,539937
34,2022/05/09,8010.0,8130.0,7980.0,8040.0,-140.0,535900,4307737,0,5900,0.0,-,-,7886.0,7895.6,8427.2,8653.6,9069.5,950640,644516,531570
35,2022/05/06,7970.0,8180.0,7920.0,8180.0,250.0,961000,7788187,0,6100,0.0,-,-,7818.0,7920.4,8446.8,8665.0,9075.45,957280,648332,528072
36,2022/05/02,7860.0,8100.0,7850.0,7930.0,140.0,1014300,8059512,300,5900,19.67,-,-,7722.0,7935.6,8464.67,8677.3,9080.95,858480,632440,519408
37,2022/04/28,7490.0,7820.0,7450.0,7790.0,300.0,1082900,8327169,400,7000,17.5,-,-,7702.0,7958.8,8484.27,8689.5,9088.7,783500,623780,510749
38,2022/04/27,7470.0,7580.0,7420.0,7490.0,-210.0,1159100,8685971,200,5800,29.0,-,-,7746.0,7995.2,8509.87,8704.9,9097.25,685100,601140,500698
39,2022/04/26,7790.0,7850.0,7700.0,7700.0,0.0,569100,4407837,0,7000,0.0,-,-,7828.0,8042.4,8539.6,8723.2,9107.85,565560,581448,491202
40,2022/04/25,7570.0,7750.0,7530.0,7700.0,-130.0,467000,3587139,6800,6100,0.9,-,-,7840.0,8072.4,8568.8,8740.2,9117.3,534500,587180,490589
41,2022/04/22,7930.0,7960.0,7780.0,7830.0,-180.0,639400,5014242,4400,6900,1.57,-,-,7820.0,8093.2,8592.67,8760.0,9126.85,501160,611764,488685
42,2022/04/21,7830.0,8020.0,7810.0,8010.0,110.0,590900,4700695,4500,6900,1.53,-,-,7788.0,8115.2,8610.8,8781.1,9136.3,434460,616740,483084
43,2022/04/20,7880.0,7960.0,7810.0,7900.0,140.0,561400,4421903,6000,6900,1.15,-,-,7734.0,8113.6,8626.67,8800.4,9145.6,414380,613256,478596
44,2022/04/19,7750.0,7780.0,7630.0,7760.0,160.0,413800,3197371,7700,5800,0.75,-,-,7678.0,8109.2,8644.13,8822.5,9155.95,416720,606892,476101
45,2022/04/18,7520.0,7600.0,7470.0,7600.0,-70.0,300300,2267873,7700,5800,0.75,-,-,7622.0,8108.8,8662.8,8846.7,9166.1,448560,608228,472322
46,2022/04/15,7660.0,7770.0,7610.0,7670.0,-70.0,305900,2352032,6500,5800,0.89,-,-,7638.0,8109.2,8684.93,8869.7,9176.75,467160,619652,470104
47,2022/04/14,7690.0,7740.0,7660.0,7740.0,120.0,490500,3780834,5900,8000,1.36,-,-,7644.0,8116.0,8705.07,8891.5,9186.85,564480,627572,468638
48,2022/04/13,7520.0,7680.0,7490.0,7620.0,140.0,573100,4347578,5900,6700,1.14,-,-,7638.0,8103.2,8722.53,8913.6,9194.95,665500,638256,465837
49,2022/04/12,7680.0,7710.0,7470.0,7480.0,-200.0,573000,4325395,1900,7300,3.84,-,-,7678.0,8091.2,8741.87,8937.9,9205.0,755620,647520,462329
50,2022/04/11,7640.0,7720.0,7600.0,7680.0,-20.0,393300,3011991,4800,6700,1.4,-,-,7810.0,8093.2,8762.53,8963.1,9216.65,794900,656224,457769
51,2022/04/08,7750.0,7770.0,7640.0,7700.0,-10.0,792500,6099177,4800,6700,1.4,-,-,7964.0,8106.8,8784.27,8984.3,9227.45,783720,664468,459454
52,2022/04/07,7550.0,7730.0,7450.0,7710.0,-110.0,995600,7566824,4900,8000,1.63,-,-,8112.0,8132.0,8807.47,9005.3,9237.95,736120,648392,455004
53,2022/04/06,8000.0,8000.0,7780.0,7820.0,-320.0,1023700,8040972,5500,9300,1.69,-,-,8264.0,8152.4,8829.87,9026.4,9247.9,643440,627968,446100
54,2022/04/05,8480.0,8490.0,8110.0,8140.0,-310.0,769400,6312835,5100,5400,1.06,-,-,8408.0,8188.0,8848.4,9046.7,9256.9,534040,599940,437566
55,2022/04/04,8290.0,8500.0,8290.0,8450.0,10.0,337400,2846245,5000,6400,1.28,-,-,8512.0,8212.0,8862.67,9062.9,9264.65,506420,590936,431364
56,2022/04/01,8350.0,8510.0,8220.0,8440.0,-30.0,554500,4668829,4900,6500,1.33,-,-,8534.0,8229.6,8872.8,9077.9,9270.95,551680,594276,431480
57,2022/03/31,8520.0,8670.0,8440.0,8470.0,-70.0,532200,4535143,4800,6100,1.27,-,-,8548.0,8239.2,8882.67,9090.2,9277.85,600340,587196,428440
58,2022/03/30,8700.0,8720.0,8440.0,8540.0,-120.0,476700,4074701,6000,6000,1.0,-,-,8594.0,8251.6,8895.07,9101.6,9284.15,597280,578744,426302
59,2022/03/29,8670.0,8830.0,8610.0,8660.0,100.0,631300,5473536,6100,4200,0.69,0.00,-,8620.0,8273.6,8906.27,9112.8,9290.15,635300,569260,425105
60,2022/03/28,8600.0,8650.0,8470.0,8560.0,50.0,563700,4833075,6000,6500,1.08,-,-,8578.0,8293.6,8913.2,9124.2,9295.35,651520,552476,423360
61,2022/03/25,8690.0,8690.0,8420.0,8510.0,-190.0,797800,6787160,6000,10600,1.77,-,-,8510.0,8318.0,8924.53,9136.5,9301.05,755100,541724,421064
62,2022/03/24,8580.0,8710.0,8410.0,8700.0,30.0,516900,4454847,6000,10700,1.78,-,-,8484.0,8348.8,8933.07,9147.8,9306.25,748300,518396,416268
63,2022/03/23,8520.0,8670.0,8510.0,8670.0,220.0,666800,5745102,6000,10700,1.78,-,-,8338.0,8365.2,8941.47,9155.9,9309.45,745680,513360,414566
64,2022/03/22,8330.0,8530.0,8330.0,8450.0,230.0,712400,6017589,8200,10700,1.3,-,-,8162.0,8385.6,8950.13,9164.8,9313.9,692780,504000,417237
65,2022/03/18,8350.0,8470.0,8180.0,8220.0,-160.0,1081600,8919119,8000,10700,1.34,-,-,8022.0,8421.6,8962.8,9176.4,9318.0,639740,497616,413568
66,2022/03/17,8420.0,8510.0,8170.0,8380.0,410.0,763800,6375727,3000,10900,3.63,-,-,7900.0,8459.6,8982.27,9191.2,9323.3,540600,469912,403842
67,2022/03/16,7840.0,8020.0,7830.0,7970.0,180.0,503800,4007307,6000,12000,2.0,-,-,7792.0,8486.4,9003.07,9205.0,9327.55,488620,452120,396104
68,2022/03/15,7750.0,7880.0,7710.0,7790.0,40.0,402300,3135790,6000,9900,1.65,-,-,7682.0,8523.6,9029.33,9223.5,9333.75,539380,441652,394744
69,2022/03/14,7650.0,7840.0,7650.0,7750.0,140.0,447200,3466877,6000,8900,1.48,-,-,7588.0,8571.2,9060.27,9242.5,9341.3,619860,440304,392357
70,2022/03/11,7600.0,7710.0,7510.0,7610.0,-230.0,585900,4451729,6300,8100,1.29,-,-,7544.0,8617.6,9092.67,9258.5,9348.65,688540,442400,393766
71,2022/03/10,7760.0,7880.0,7740.0,7840.0,420.0,503900,3940072,0,7900,0.0,-,-,7626.0,8678.0,9123.2,9273.9,9356.3,691240,449400,390210
72,2022/03/09,7330.0,7540.0,7310.0,7420.0,100.0,757600,5634183,3800,8200,2.16,-,-,7724.0,8716.0,9150.0,9286.0,9363.4,668580,443900,389350
73,2022/03/08,7380.0,7500.0,7310.0,7320.0,-210.0,804700,5938541,1200,7700,6.42,-,-,7884.0,8775.2,9183.73,9302.5,9371.9,614060,427996,384812
74,2022/03/07,7630.0,7690.0,7290.0,7530.0,-490.0,790600,5926393,400,8400,21.0,-,-,8162.0,8837.2,9220.13,9317.6,9380.55,517720,415216,379097
75,2022/03/04,8180.0,8200.0,7900.0,8020.0,-310.0,599400,4805781,400,8700,21.75,-,-,8404.0,8876.0,9253.07,9328.5,9387.8,468460,400336,374009
76,2022/03/03,8320.0,8430.0,8290.0,8330.0,110.0,390600,3256959,200,6800,34.0,-,-,8578.0,8904.8,9276.8,9335.7,9392.95,432760,390448,370122
77,2022/03/02,8530.0,8610.0,8220.0,8220.0,-490.0,485000,4053586,500,7200,14.4,-,-,8648.0,8929.6,9296.4,9340.1,9396.45,430140,387636,372080
78,2022/03/01,8870.0,8890.0,8690.0,8710.0,-30.0,323000,2829682,1900,6900,3.63,-,-,8760.0,8962.0,9317.73,9347.7,9400.45,397320,377056,371089
79,2022/02/28,8820.0,8820.0,8630.0,8740.0,-150.0,544300,4753859,1800,6900,3.83,-,-,8836.0,8973.2,9332.93,9350.3,9401.9,380640,381616,371644
80,2022/02/25,8620.0,8930.0,8620.0,8890.0,210.0,420900,3720562,2900,6900,2.38,-,-,8920.0,8999.2,9346.53,9354.9,9403.75,314120,376428,371205
81,2022/02/24,8670.0,8790.0,8570.0,8680.0,-100.0,377500,3272127,3300,7100,2.15,-,-,8976.0,9018.4,9360.67,9359.2,9403.05,288920,381080,372517
82,2022/02/22,8940.0,8960.0,8750.0,8780.0,-310.0,320900,2831022,5800,7100,1.22,-,-,9096.0,9058.8,9373.87,9369.1,9404.9,256340,378792,374968
83,2022/02/21,9060.0,9150.0,8950.0,9090.0,-70.0,239600,2174750,6800,6900,1.01,-,-,9162.0,9096.8,9384.93,9378.0,9406.4,270360,375956,379482
84,2022/02/18,9080.0,9190.0,9020.0,9160.0,-10.0,211700,1933329,400,6900,17.25,-,-,9180.0,9112.4,9392.53,9384.6,9406.85,309000,380936,388353
85,2022/02/17,9240.0,9300.0,9120.0,9170.0,-110.0,294900,2713919,600,6900,11.5,-,-,9218.0,9126.4,9401.07,9387.8,9406.8,377220,383408,390842
86,2022/02/16,9350.0,9420.0,9240.0,9280.0,170.0,214600,1994516,800,7100,8.88,-,-,9218.0,9140.4,9409.33,9391.6,9407.45,396040,384060,392217
87,2022/02/15,9200.0,9240.0,9070.0,9110.0,-70.0,391000,3574467,700,7100,10.14,-,-,9172.0,9145.2,9414.13,9395.6,9406.85,416920,390072,393608
88,2022/02/14,9160.0,9230.0,9060.0,9180.0,-170.0,432800,3968023,500,7100,14.2,-,-,9130.0,9169.2,9419.47,9401.9,9408.45,387140,387596,393222
89,2022/02/10,9320.0,9380.0,9180.0,9350.0,180.0,552800,5147323,500,7900,15.8,-,-,9090.0,9190.8,9424.53,9408.0,9410.55,374300,388160,391062
90,2022/02/09,9120.0,9220.0,9020.0,9170.0,120.0,389000,3557842,300,8500,28.33,-,-,9002.0,9212.4,9428.0,9414.5,9411.5,363660,386972,387460
91,2022/02/08,8900.0,9070.0,8900.0,9050.0,150.0,319000,2875291,200,8400,42.0,-,-,8992.0,9225.2,9435.07,9420.2,9413.35,438040,384380,387014
92,2022/02/07,8830.0,8920.0,8760.0,8900.0,-80.0,242100,2147346,200,8400,42.0,-,-,8940.0,9230.8,9444.53,9427.2,9415.55,447520,380392,386526
93,2022/02/04,9070.0,9080.0,8850.0,8980.0,70.0,368600,3302337,200,8100,40.5,-,-,8940.0,9242.8,9456.8,9436.7,9418.6,471100,380880,389116
94,2022/02/03,8820.0,8960.0,8710.0,8910.0,-210.0,499600,4439697,200,8400,42.0,-,-,8918.0,9252.0,9466.27,9447.4,9420.45,494420,381108,393241
95,2022/02/02,8880.0,9180.0,8790.0,9120.0,330.0,760900,6861041,300,8000,26.67,-,-,8836.0,9262.0,9472.13,9458.9,9423.2,478220,366340,391374
96,2022/02/01,8950.0,9000.0,8770.0,8790.0,-110.0,366400,3240485,200,7200,36.0,-,-,8760.0,9267.6,9472.53,9466.0,9425.8,396480,341260,385940
97,2022/01/31,8750.0,8920.0,8630.0,8900.0,30.0,360000,3187884,200,7300,36.5,-,-,8792.0,9283.2,9476.0,9474.5,9430.45,387260,334444,385849
98,2022/01/28,8650.0,8930.0,8610.0,8870.0,370.0,485200,4283505,200,7400,37.0,-,-,8818.0,9289.2,9478.27,9479.0,9434.3,359360,331260,385992
99,2022/01/27,8800.0,8840.0,8420.0,8500.0,-240.0,418600,3586688,300,7600,25.33,-,-,8842.0,9297.2,9477.73,9484.0,9439.9,349720,324252,383338
100,2022/01/26,8930.0,8960.0,8700.0,8740.0,-210.0,352200,3092658,600,7000,11.67,-,-,9020.0,9318.4,9479.33,9491.9,9446.35,348920,316748,382406
101,2022/01/25,9010.0,9010.0,8840.0,8950.0,-80.0,320300,2859247,300,7000,23.33,-,-,9146.0,9341.2,9479.33,9498.8,9451.65,385920,323448,382593
102,2022/01/24,8870.0,9070.0,8840.0,9030.0,40.0,220500,1981072,400,6900,17.25,-,-,9294.0,9360.8,9476.93,9501.9,9456.2,385920,328984,383521
103,2022/01/21,9220.0,9220.0,8860.0,8990.0,-400.0,437000,3932449,1700,6500,3.82,-,-,9434.0,9375.2,9476.27,9503.9,9460.55,391820,333276,386428
104,2022/01/20,9290.0,9470.0,9210.0,9390.0,20.0,414600,3889533,2000,6600,3.3,-,-,9532.0,9384.0,9476.0,9505.7,9465.25,377240,331144,385097
105,2022/01/19,9520.0,9610.0,9320.0,9370.0,-320.0,537200,5070643,1800,7100,3.94,-,-,9556.0,9376.8,9473.47,9501.1,9468.05,349020,326728,386873
106,2022/01/18,9850.0,9910.0,9660.0,9690.0,-40.0,320300,3132462,2300,5800,2.52,-,-,9586.0,9370.4,9472.8,9496.7,9470.25,303820,319084,388101
107,2022/01/17,9600.0,9790.0,9590.0,9730.0,250.0,250000,2432269,1600,4800,3.0,-,-,9528.0,9350.0,9472.53,9486.3,9470.25,312740,319332,388773
108,2022/01/14,9570.0,9610.0,9430.0,9480.0,-30.0,364100,3460329,1500,9800,6.53,-,-,9524.0,9336.8,9471.73,9480.3,9470.9,328560,324208,389812
109,2022/01/13,9550.0,9560.0,9450.0,9510.0,-10.0,273500,2601662,1500,9200,6.13,-,-,9572.0,9332.8,9475.33,9480.4,9473.3,345120,325120,389356
110,2022/01/12,9400.0,9560.0,9370.0,9520.0,120.0,311200,2952834,1500,9200,6.13,-,-,9648.0,9319.6,9474.93,9478.3,9476.85,395040,334196,388966
111,2022/01/11,9620.0,9690.0,9390.0,9400.0,-310.0,364900,3450175,1500,9300,6.2,-,-,9642.0,9315.2,9475.33,9477.0,9479.65,397640,337408,389093
112,2022/01/07,9810.0,9850.0,9670.0,9710.0,-10.0,329100,3205766,1500,8900,5.93,-,-,9600.0,9305.2,9479.07,9479.4,9482.65,368520,340336,392058
113,2022/01/06,9810.0,9880.0,9710.0,9720.0,-170.0,446900,4372862,1700,8300,4.88,-,-,9498.0,9290.0,9479.47,9478.8,9483.7,353560,342744,392121
114,2022/01/05,9660.0,9900.0,9650.0,9890.0,400.0,523100,5136070,2000,8300,4.15,-,-,9396.0,9274.0,9480.4,9478.0,9485.25,339040,359552,390946
115,2022/01/04,9340.0,9520.0,9290.0,9490.0,300.0,324200,3055820,3000,7300,2.43,-,-,9250.0,9254.4,9481.87,9474.2,9486.0,260500,356116,390077
116,2021/12/30,9200.0,9270.0,9160.0,9190.0,-10.0,219300,2020500,1200,7200,6.0,-,-,9204.0,9262.0,9485.2,9473.8,9488.3,222440,357236,391892
117,2021/12/29,9210.0,9290.0,9170.0,9200.0,-10.0,254300,2342590,1200,7200,6.0,-,-,9202.0,9292.0,9492.67,9476.5,9492.6,217780,355800,397266
118,2021/12/28,9240.0,9260.0,9150.0,9210.0,50.0,374300,3446082,1300,7200,5.54,-,-,9172.0,9321.6,9501.33,9479.8,9495.6,223000,361700,399364
119,2021/12/27,9210.0,9270.0,9150.0,9160.0,-100.0,130400,1196971,1400,7000,5.0,-,-,9144.0,9357.6,9512.53,9484.0,9496.8,210140,355660,402225
120,2021/12/24,9300.0,9300.0,9220.0,9260.0,80.0,133900,1238268,1400,7000,5.0,-,-,9118.0,9398.4,9524.53,9489.2,9498.1,230260,372560,406085
121,2021/12/23,9070.0,9180.0,9050.0,9180.0,130.0,196000,1789588,1400,7000,5.0,-,-,9128.0,9424.0,9532.13,9488.0,9499.45,307420,379972,409169
122,2021/12/22,9080.0,9130.0,8950.0,9050.0,-20.0,280400,2532955,1400,7300,5.21,-,-,9180.0,9450.8,9538.27,9488.3,9500.0,359960,389708,412670
123,2021/12/21,9180.0,9230.0,9070.0,9070.0,40.0,310000,2825866,1700,7400,4.35,-,-,9248.0,9486.8,9542.27,9489.6,9500.5,369440,395180,411933
124,2021/12/20,9160.0,9220.0,9030.0,9030.0,-280.0,231000,2103754,2300,7700,3.35,-,-,9276.0,9526.0,9546.27,9492.2,9501.1,384180,397824,410836
125,2021/12/17,9450.0,9480.0,9280.0,9310.0,-130.0,519700,4853696,2500,7500,3.0,-,-,9312.0,9564.8,9549.73,9494.9,9501.45,398820,404944,413462
126,2021/12/16,9490.0,9560.0,9380.0,9440.0,50.0,458700,4332449,2100,7400,3.52,-,-,9292.0,9584.4,9551.33,9493.6,9502.2,364100,396472,410261
127,2021/12/15,9290.0,9510.0,9290.0,9390.0,180.0,327800,3085007,2100,7500,3.57,-,-,9240.0,9598.8,9548.93,9488.5,9501.65,337660,399620,407080
128,2021/12/14,9150.0,9270.0,9140.0,9210.0,0.0,383700,3530442,900,7700,8.56,-,-,9242.0,9616.0,9546.8,9484.1,9502.3,346480,402936,406385
129,2021/12/13,9320.0,9340.0,9210.0,9210.0,0.0,304200,2817103,900,7600,8.44,-,-,9276.0,9641.6,9546.27,9483.2,9502.2,347120,402172,408152
130,2021/12/10,9190.0,9350.0,9190.0,9210.0,30.0,346100,3196033,5800,7700,1.33,-,-,9270.0,9663.6,9542.53,9482.7,9502.7,386360,410460,408988
131,2021/12/09,9330.0,9390.0,9170.0,9180.0,-220.0,326500,3010320,900,8000,8.89,-,-,9310.0,9693.2,9538.8,9483.7,9503.65,395440,417388,412301
132,2021/12/08,9530.0,9540.0,9390.0,9400.0,20.0,371900,3508620,900,7600,8.44,-,-,9304.0,9712.8,9531.73,9486.6,9506.3,417760,426780,419016
133,2021/12/07,9290.0,9410.0,9090.0,9380.0,200.0,386900,3596158,900,7600,8.44,-,-,9290.0,9721.2,9528.13,9486.8,9508.5,421240,438284,422206
134,2021/12/06,9400.0,9450.0,9160.0,9180.0,-230.0,500400,4621361,900,7900,8.78,-,-,9278.0,9732.4,9529.6,9485.4,9510.0,517280,459004,420465
135,2021/12/03,9180.0,9420.0,9090.0,9410.0,260.0,391500,3633297,1000,7800,7.8,-,-,9322.0,9757.2,9531.2,9485.9,9511.95,504640,454924,417417
136,2021/12/02,9210.0,9310.0,9120.0,9150.0,-180.0,438100,4019307,800,8400,10.5,-,-,9376.0,9772.4,9530.93,9484.6,9512.25,496780,455184,415334
137,2021/12/01,9280.0,9410.0,9230.0,9330.0,10.0,389300,3631110,5100,8300,1.63,-,-,9534.0,9792.0,9537.47,9487.9,9514.15,445840,450416,413657
138,2021/11/30,9520.0,9620.0,9320.0,9320.0,-80.0,867100,8165260,6500,8000,1.23,-,-,9656.0,9799.2,9541.73,9489.6,9515.8,448340,449328,411714
139,2021/11/29,9530.0,9580.0,9400.0,9400.0,-280.0,437200,4138171,5600,8000,1.43,-,-,9814.0,9808.8,9546.0,9492.5,9516.9,319580,425476,404345
140,2021/11/26,9880.0,9880.0,9670.0,9680.0,-260.0,352200,3429155,6500,8700,1.34,-,-,9970.0,9817.2,9547.47,9494.4,9516.05,342720,419292,402914
141,2021/11/25,10000.0,10030.0,9910.0,9940.0,0.0,183400,1825382,9100,8300,0.91,0.00,-,10014.0,9818.0,9544.4,9493.7,9512.6,336120,419428,400478
142,2021/11/24,10080.0,10130.0,9890.0,9940.0,-170.0,401800,4011457,9200,9300,1.01,0.00,-,9996.0,9810.8,9538.0,9491.5,9504.85,387320,423388,399882
143,2021/11/22,10100.0,10130.0,10030.0,10110.0,-70.0,223300,2253848,11100,7900,0.71,0.00,-,9998.0,9806.0,9532.53,9490.8,9496.3,390400,424768,397548
144,2021/11/19,9950.0,10190.0,9920.0,10180.0,280.0,552900,5586744,17700,11500,0.65,0.00,-,9986.0,9789.2,9526.13,9489.4,9488.1,420960,442956,400756
145,2021/11/18,9800.0,9940.0,9770.0,9900.0,50.0,319200,3156040,14100,800,0.06,0.05,-,9950.0,9756.0,9519.47,9485.5,9480.45,392180,435224,401868
146,2021/11/17,9960.0,10020.0,9850.0,9850.0,-100.0,439400,4356602,8100,900,0.11,0.00,-,9930.0,9726.0,9509.33,9483.8,9473.8,389920,436588,407526
147,2021/11/16,9980.0,10040.0,9940.0,9950.0,-100.0,417200,4163429,14500,900,0.06,0.00,-,9920.0,9694.0,9500.8,9482.2,9467.95,409520,433396,406341
148,2021/11/15,9990.0,10050.0,9950.0,10050.0,50.0,376100,3769599,11300,600,0.05,0.00,-,9894.0,9658.8,9490.53,9476.3,9460.9,408220,431536,404296
149,2021/11/12,9870.0,10060.0,9840.0,10000.0,200.0,409000,4076966,9500,700,0.07,0.00,-,9854.0,9610.0,9480.93,9472.1,9453.15,405920,427940,403676
150,2021/11/11,9850.0,9880.0,9720.0,9800.0,0.0,307900,3017526,7200,700,0.1,0.00,-,9806.0,9554.8,9471.6,9470.2,9445.05,426400,425528,402238
151,2021/11/10,9870.0,9950.0,9790.0,9800.0,-20.0,537400,5295646,8100,700,0.09,0.00,-,9836.0,9512.4,9463.33,9470.6,9437.95,468680,427860,402814
152,2021/11/09,9950.0,10010.0,9820.0,9820.0,-30.0,410700,4068070,7800,600,0.08,0.00,-,9810.0,9471.2,9451.73,9470.6,9430.95,473460,421960,400785
153,2021/11/08,9830.0,9930.0,9810.0,9850.0,90.0,364600,3598175,7200,700,0.1,0.00,-,9768.0,9437.6,9440.13,9469.4,9423.95,523220,423072,398908
154,2021/11/05,10020.0,10030.0,9730.0,9760.0,-190.0,511400,5025940,6300,800,0.13,0.00,-,9730.0,9402.4,9430.4,9467.1,9417.8,631280,421976,399384
155,2021/11/04,9820.0,9970.0,9720.0,9950.0,280.0,519300,5133804,6800,800,0.12,0.00,-,9738.0,9380.0,9422.4,9466.4,9412.0,608680,423432,396118
156,2021/11/02,9600.0,9780.0,9580.0,9670.0,60.0,561300,5423986,3100,700,0.23,0.00,-,9706.0,9354.8,9413.87,9464.0,9404.55,584420,427832,393758
157,2021/11/01,9810.0,9810.0,9460.0,9610.0,-50.0,659500,6331304,1700,2100,1.24,-,-,9700.0,9354.8,9411.2,9465.5,9398.2,535940,420208,392546
158,2021/10/29,9650.0,9740.0,9540.0,9660.0,-140.0,904900,8739175,1900,1100,0.58,0.00,-,9680.0,9357.2,9408.67,9466.7,9391.4,476460,406944,388845
159,2021/10/28,9730.0,9860.0,9700.0,9800.0,10.0,398400,3905599,3200,1100,0.34,0.00,-,9660.0,9360.8,9403.07,9467.5,9384.05,349640,383944,382718
160,2021/10/27,9700.0,9820.0,9680.0,9790.0,150.0,398000,3888735,3200,900,0.28,0.00,-,9622.0,9348.0,9395.47,9466.5,9375.8,326480,377780,383354
161,2021/10/26,9660.0,9730.0,9570.0,9640.0,130.0,318900,3080347,1800,900,0.5,0.00,-,9604.0,9338.4,9388.67,9465.6,9367.6,318000,374688,382961
162,2021/10/25,9470.0,9590.0,9460.0,9510.0,-50.0,362100,3446012,2500,900,0.36,0.00,-,9628.0,9340.0,9386.53,9464.7,9360.35,310700,385424,381530
163,2021/10/22,9500.0,9640.0,9490.0,9560.0,-50.0,270800,2587435,2600,900,0.35,0.00,-,9690.0,9349.2,9386.4,9463.0,9354.0,325540,384292,379204
164,2021/10/21,9700.0,9800.0,9600.0,9610.0,-90.0,282600,2731469,2800,1700,0.61,0.00,-,9716.0,9358.4,9387.07,9463.0,9346.95,406980,387812,380382
165,2021/10/20,9800.0,9870.0,9700.0,9700.0,-60.0,355600,3471727,3100,1100,0.35,0.00,-,9664.0,9374.0,9386.8,9459.6,9338.85,422380,394824,380692
166,2021/10/19,9760.0,9770.0,9670.0,9760.0,-60.0,282400,2751181,2500,1100,0.44,0.00,-,9554.0,9375.6,9385.6,9455.4,9329.85,421920,399012,381274
167,2021/10/18,9710.0,9880.0,9690.0,9820.0,130.0,436300,4277776,1800,1800,1.0,-,-,9412.0,9375.2,9385.07,9450.1,9320.65,437360,412612,382890
168,2021/10/15,9550.0,9720.0,9530.0,9690.0,340.0,678000,6545386,31000,700,0.02,0.00,-,9262.0,9376.4,9385.73,9444.0,9311.25,424240,411624,382561
169,2021/10/14,9270.0,9350.0,9170.0,9350.0,200.0,359600,3345818,1000,1800,1.8,-,-,9090.0,9390.8,9389.47,9440.1,9302.55,345880,408060,380306
170,2021/10/13,9040.0,9240.0,9040.0,9150.0,100.0,353300,3239365,900,900,1.0,-,-,8944.0,9419.2,9395.33,9438.8,9295.45,343700,410472,380129
171,2021/10/12,9090.0,9170.0,9040.0,9050.0,-20.0,359600,3267065,1000,900,0.9,-,-,8862.0,9446.4,9403.07,9438.7,9289.95,346280,410948,381664
172,2021/10/11,8980.0,9100.0,8970.0,9070.0,240.0,370700,3354858,800,1500,1.88,-,-,8806.0,9470.0,9411.6,9440.8,9285.1,352340,414908,384014
173,2021/10/08,8850.0,8920.0,8800.0,8830.0,210.0,286200,2531427,800,1500,1.88,-,-,8788.0,9481.2,9415.47,9441.3,9280.35,365900,409084,385400
174,2021/10/07,8680.0,8700.0,8560.0,8620.0,-120.0,348700,3012653,800,2500,3.13,-,-,8816.0,9502.8,9426.13,9443.5,9276.75,376100,406744,392462
175,2021/10/06,8800.0,8940.0,8650.0,8740.0,-30.0,366200,3209690,800,3200,4.0,-,-,8932.0,9529.6,9442.0,9447.1,9273.5,415920,409916,392778
176,2021/10/05,8880.0,8930.0,8710.0,8770.0,-210.0,389900,3431226,900,2300,2.56,-,-,9048.0,9557.2,9456.67,9450.2,9268.9,468540,406452,392282
177,2021/10/04,9270.0,9310.0,8920.0,8980.0,10.0,438500,3957974,900,2000,2.22,-,-,9228.0,9576.8,9470.4,9452.8,9264.1,464700,399660,391484
178,2021/10/01,9130.0,9180.0,8920.0,8970.0,-230.0,337200,3036249,1000,2700,2.7,-,-,9366.0,9586.8,9480.0,9453.2,9258.7,442580,393148,388602
179,2021/09/30,9330.0,9340.0,9130.0,9200.0,-120.0,547800,5046574,1100,2300,2.09,-,-,9522.0,9594.8,9488.67,9453.5,9253.75,441120,400308,390146
180,2021/09/29,9500.0,9510.0,9240.0,9320.0,-350.0,629300,5877946,1600,2700,1.69,-,-,9578.0,9584.0,9495.2,9452.6,9247.15,380420,393072,386405
181,2021/09/28,9680.0,9690.0,9580.0,9670.0,0.0,370700,3579627,7400,2100,0.28,0.00,-,9624.0,9568.4,9500.4,9446.9,9239.8,318700,391684,382461
182,2021/09/27,9800.0,9830.0,9660.0,9670.0,-80.0,327900,3186053,2000,2000,1.0,-,-,9626.0,9527.6,9502.4,9440.7,9230.2,362020,410060,382185
183,2021/09/24,9720.0,9760.0,9650.0,9750.0,270.0,329900,3210993,2300,1600,0.7,-,-,9640.0,9506.0,9503.2,9434.8,9219.75,363200,421392,383074
184,2021/09/22,9500.0,9560.0,9450.0,9480.0,-70.0,244300,2318021,800,1600,2.0,-,-,9648.0,9495.6,9503.07,9429.1,9208.7,368980,418448,384652
185,2021/09/21,9530.0,9590.0,9440.0,9550.0,-130.0,320700,3059266,1900,1700,0.89,-,-,9752.0,9488.4,9506.0,9425.8,9200.1,411700,419548,386102
186,2021/09/17,9750.0,9760.0,9650.0,9680.0,-60.0,587300,5688981,400,1700,4.25,-,-,9790.0,9482.0,9508.0,9423.3,9191.2,439620,416132,388242
187,2021/09/16,9800.0,9830.0,9670.0,9740.0,-50.0,333800,3254148,800,2000,2.5,-,-,9804.0,9480.4,9506.27,9418.1,9181.4,446640,405132,385253
188,2021/09/15,9830.0,9890.0,9740.0,9790.0,-210.0,358800,3515996,1100,4000,3.64,-,-,9826.0,9476.8,9500.93,9415.0,9171.0,462200,401524,387077
189,2021/09/14,9880.0,10020.0,9840.0,10000.0,260.0,457900,4559708,2200,1800,0.82,-,-,9878.0,9470.8,9497.87,9413.1,9159.35,508220,399748,387730
190,2021/09/13,9470.0,9740.0,9430.0,9740.0,-10.0,460300,4437301,1300,3000,2.31,-,-,9890.0,9451.2,9488.13,9408.5,9146.15,500620,394628,388017
191,2021/09/10,9750.0,9890.0,9700.0,9750.0,-100.0,622400,6074477,1600,3700,2.31,-,-,9908.0,9439.6,9482.0,9406.5,9133.9,481600,382996,384946
192,2021/09/09,9930.0,10010.0,9810.0,9850.0,-200.0,411600,4064575,2600,3900,1.5,-,-,9886.0,9428.0,9475.07,9403.9,9121.95,448840,363648,381846
193,2021/09/08,9800.0,10060.0,9760.0,10050.0,-10.0,588900,5882290,4300,3000,0.7,0.00,-,9786.0,9415.2,9466.53,9400.5,9109.6,411540,356252,380820
194,2021/09/07,9950.0,10110.0,9930.0,10060.0,230.0,419900,4214606,3300,3200,0.97,-,-,9650.0,9398.4,9456.53,9393.5,9095.45,339300,351252,378584
195,2021/09/06,9740.0,9870.0,9720.0,9830.0,190.0,365200,3581591,300,3600,12.0,-,-,9496.0,9383.2,9445.33,9387.5,9081.35,340920,359908,376086
196,2021/09/03,9340.0,9670.0,9310.0,9640.0,290.0,458600,4388823,300,3700,12.33,-,-,9416.0,9355.6,9436.13,9385.6,9068.6,323800,375044,375078
197,2021/09/02,9430.0,9480.0,9350.0,9350.0,-20.0,225100,2111643,300,4300,14.33,-,-,9340.0,9338.4,9431.07,9386.4,9055.2,276100,370720,372593
198,2021/09/01,9330.0,9380.0,9290.0,9370.0,80.0,227700,2128246,400,4400,11.0,-,-,9316.0,9331.6,9428.0,9389.6,9042.45,286220,372268,372370
199,2021/08/31,9340.0,9360.0,9210.0,9290.0,-140.0,428000,3971173,300,4400,14.67,-,-,9276.0,9330.0,9423.73,9395.8,9029.35,343920,376344,372936
200,2021/08/30,9400.0,9480.0,9310.0,9430.0,170.0,279600,2633164,1500,4000,2.67,-,-,9204.0,9330.4,9419.6,9400.8,9016.65,331700,371272,371969
201,2021/08/27,9180.0,9270.0,9100.0,9260.0,30.0,220100,2027740,1400,4300,3.07,-,-,9104.0,9320.4,9414.53,9404.5,9003.6,394700,374132,374800
202,2021/08/26,9230.0,9350.0,9190.0,9230.0,60.0,275700,2547713,1500,4100,2.73,-,-,8982.0,9307.2,9411.47,9410.5,8991.4,516700,380736,377616
203,2021/08/25,9060.0,9260.0,9030.0,9170.0,240.0,516200,4734830,300,4400,14.67,-,-,8962.0,9296.0,9408.67,9417.2,8978.85,583800,380504,378017
204,2021/08/24,8960.0,9040.0,8910.0,8930.0,0.0,366900,3285595,300,4500,15.0,-,-,9026.0,9294.0,9406.4,9424.8,8967.5,531820,375868,374936
205,2021/08/23,8770.0,9030.0,8750.0,8930.0,280.0,594600,5314679,0,4500,0.0,-,-,9100.0,9303.2,9408.8,9435.0,8955.8,512800,371852,378901
206,2021/08/20,9080.0,9100.0,8620.0,8650.0,-480.0,830100,7288242,400,4200,10.5,-,-,9192.0,9318.4,9406.4,9443.8,8944.35,440940,361760,381446
207,2021/08/19,9380.0,9450.0,9030.0,9130.0,-360.0,611200,5638561,500,3400,6.8,-,-,9390.0,9351.2,9411.73,9454.2,8934.75,337380,347372,382358
208,2021/08/18,9340.0,9570.0,9330.0,9490.0,190.0,256300,2426403,900,3400,3.78,-,-,9494.0,9362.8,9411.07,9461.5,8923.1,263860,338200,377470
209,2021/08/17,9400.0,9430.0,9300.0,9300.0,-90.0,271800,2536618,1000,3500,3.5,-,-,9524.0,9352.8,9406.93,9466.2,8909.0,275480,345764,377144
210,2021/08/16,9520.0,9520.0,9380.0,9390.0,-250.0,235300,2216618,1700,7400,4.35,-,-,9566.0,9350.0,9404.93,9475.4,8896.35,287100,352736,376312
211,2021/08/13,9570.0,9670.0,9480.0,9640.0,-10.0,312300,2996795,1300,3300,2.54,-,-,9578.0,9345.6,9403.73,9482.3,8882.9,273940,358064,375797
212,2021/08/12,9650.0,9740.0,9610.0,9650.0,10.0,243600,2354689,1700,3400,2.0,-,-,9542.0,9339.2,9397.33,9485.9,8868.75,239220,354036,375762
213,2021/08/11,9600.0,9720.0,9570.0,9640.0,130.0,314400,3036286,1300,3400,2.62,-,-,9518.0,9333.2,9394.4,9488.6,8854.3,235840,351796,376860
214,2021/08/10,9510.0,9690.0,9480.0,9510.0,60.0,329900,3151332,1000,3400,3.4,-,-,9516.0,9332.0,9393.87,9492.5,8840.25,265740,353588,375113
215,2021/08/06,9460.0,9520.0,9400.0,9450.0,-10.0,169500,1603611,1000,3400,3.4,-,-,9550.0,9335.2,9394.27,9497.8,8827.1,327020,352624,374066
216,2021/08/05,9480.0,9530.0,9430.0,9460.0,-70.0,138700,1312464,1000,3300,3.3,-,-,9488.0,9341.6,9395.47,9502.8,8814.1,441840,361816,375069
217,2021/08/04,9550.0,9570.0,9470.0,9530.0,-100.0,226700,2160199,1000,3200,3.2,-,-,9438.0,9352.0,9395.87,9508.7,8801.05,484200,372412,378761
218,2021/08/03,9600.0,9780.0,9590.0,9630.0,-50.0,463900,4482840,1100,3400,3.09,-,-,9368.0,9365.6,9395.6,9511.4,8787.45,491620,379808,381208
219,2021/08/02,9290.0,9680.0,9260.0,9680.0,540.0,636300,6079927,400,3300,8.25,-,-,9308.0,9379.2,9391.87,9509.6,8774.15,464760,381608,381706
220,2021/07/30,9150.0,9500.0,9090.0,9140.0,-70.0,743600,6861661,200,3500,17.5,-,-,9232.0,9383.6,9388.93,9507.0,8760.4,397740,370008,379092
221,2021/07/29,9260.0,9290.0,9140.0,9210.0,30.0,350500,3225640,200,3700,18.5,-,-,9240.0,9407.2,9395.6,9510.9,8748.7,319240,359000,373508
222,2021/07/28,9200.0,9280.0,9160.0,9180.0,-150.0,263800,2425386,300,3800,12.67,-,-,9184.0,9426.4,9402.4,9511.7,8736.6,326180,366416,374077
223,2021/07/27,9300.0,9400.0,9230.0,9330.0,30.0,329600,3071028,2000,2600,1.3,-,-,9138.0,9433.6,9408.93,9511.4,8724.2,327400,374848,375684
224,2021/07/26,9330.0,9350.0,9230.0,9300.0,120.0,301200,2800472,2200,2900,1.32,-,-,9096.0,9445.6,9417.73,9510.0,8710.75,341540,394300,375532
225,2021/07/21,9080.0,9240.0,9060.0,9180.0,250.0,351100,3221740,2200,3200,1.45,-,-,9068.0,9466.0,9424.27,9508.0,8697.45,334600,397148,374453
226,2021/07/20,8840.0,8990.0,8800.0,8930.0,-20.0,385200,3431179,2100,3400,1.62,-,-,9094.0,9492.4,9432.53,9510.8,8685.2,332840,396264,375054
227,2021/07/19,8970.0,9030.0,8920.0,8950.0,-170.0,269900,2418881,3100,3900,1.26,-,-,9202.0,9527.2,9444.93,9514.8,8674.0,349880,394056,378464
228,2021/07/16,9200.0,9240.0,9120.0,9120.0,-40.0,400300,3666333,3100,4800,1.55,-,-,9296.0,9557.2,9457.6,9520.5,8662.4,372280,392156,381908
229,2021/07/15,9300.0,9300.0,9150.0,9160.0,-150.0,266500,2451459,3000,3100,1.03,-,-,9320.0,9577.2,9468.4,9521.2,8649.1,381300,394264,384548
230,2021/07/14,9250.0,9410.0,9250.0,9310.0,-160.0,342300,3194416,3000,2700,0.9,-,-,9334.0,9598.4,9478.93,9522.7,8635.85,417220,394292,386382
231,2021/07/13,9430.0,9520.0,9360.0,9470.0,50.0,470400,4445806,2900,2500,0.86,-,-,9328.0,9614.4,9485.6,9523.6,8622.65,422460,393940,386620
232,2021/07/12,9450.0,9450.0,9300.0,9420.0,180.0,381900,3587761,2800,2800,1.0,-,-,9330.0,9628.4,9488.53,9526.0,8608.15,370700,389124,386457
233,2021/07/09,9110.0,9250.0,9030.0,9240.0,10.0,445400,4079915,2800,5500,1.96,-,-,9346.0,9640.8,9494.4,9530.2,8594.35,331840,389632,385714
234,2021/07/08,9300.0,9350.0,9230.0,9230.0,-50.0,446100,4136445,4700,4800,1.02,-,-,9420.0,9660.8,9504.0,9534.6,8581.65,314600,389744,386033
235,2021/07/07,9240.0,9310.0,9220.0,9280.0,-200.0,368500,3415519,5000,4500,0.9,-,-,9492.0,9679.6,9517.2,9538.0,8569.15,286540,386024,388269
236,2021/07/06,9530.0,9560.0,9470.0,9480.0,-20.0,211600,2012023,4800,3000,0.63,0.00,-,9558.0,9696.4,9527.87,9539.9,8556.0,292700,390532,389665
237,2021/07/05,9540.0,9540.0,9470.0,9500.0,-110.0,187600,1782600,4800,3200,0.67,0.00,-,9606.0,9699.2,9534.8,9540.4,8541.75,331100,396592,391120
238,2021/07/02,9520.0,9650.0,9520.0,9610.0,20.0,359200,3447004,5200,2500,0.48,0.00,-,9680.0,9692.8,9540.4,9542.0,8526.15,375900,407912,393853
239,2021/07/01,9640.0,9670.0,9560.0,9590.0,-20.0,305800,2937170,5000,2500,0.5,0.00,-,9752.0,9690.8,9546.0,9541.3,8509.65,405840,409856,394756
240,2021/06/30,9700.0,9780.0,9610.0,9610.0,-110.0,399300,3858695,4800,3100,0.65,0.00,-,9792.0,9678.0,9552.0,9537.7,8493.35,413940,416800,397860
241,2021/06/29,9810.0,9830.0,9680.0,9720.0,-150.0,403600,3929825,5400,5600,1.04,-,-,9816.0,9664.8,9556.53,9531.5,8476.65,427760,410028,403093
242,2021/06/28,9970.0,9970.0,9850.0,9870.0,-100.0,411600,4072203,12200,5100,0.42,0.20,-,9810.0,9645.2,9560.93,9518.2,8459.4,454220,409480,409228
243,2021/06/25,9940.0,10040.0,9900.0,9970.0,180.0,508900,5067033,15500,2200,0.14,0.20,-,9708.0,9618.8,9560.0,9501.8,8441.2,466820,406400,414230
244,2021/06/24,9710.0,9840.0,9690.0,9790.0,60.0,346300,3387650,6400,2800,0.44,0.00,-,9640.0,9592.0,9553.07,9486.8,8422.45,528220,402892,413518
